actor,motion,frames,display_scale,clipping,mirror,design,anatomy_2_percent,continuous_gameplay
enemy_04_rei_kageyama,backstep,8,合格,合格,合格,未確認,未確認,未確認
enemy_04_rei_kageyama,combo_finisher,6,合格,合格,合格,未確認,未確認,未確認
enemy_04_rei_kageyama,crouch,2,合格,合格,合格,未確認,未確認,未確認
enemy_04_rei_kageyama,crouch_guard,2,合格,合格,合格,未確認,未確認,未確認
enemy_04_rei_kageyama,crouch_idle,2,合格,合格,合格,未確認,未確認,未確認
enemy_04_rei_kageyama,crouch_kick,6,合格,合格,合格,未確認,未確認,未確認
enemy_04_rei_kageyama,crouch_kick_sweep,6,合格,合格,合格,未確認,未確認,未確認
enemy_04_rei_kageyama,crouch_punch,6,合格,合格,合格,未確認,未確認,未確認
enemy_04_rei_kageyama,crouch_sweep_kick,6,合格,合格,合格,未確認,未確認,未確認
enemy_04_rei_kageyama,damage,4,合格,合格,合格,未確認,未確認,未確認
enemy_04_rei_kageyama,damage_heavy,4,合格,合格,合格,未確認,未確認,未確認
enemy_04_rei_kageyama,damage_high,4,合格,合格,合格,未確認,未確認,未確認
enemy_04_rei_kageyama,damage_light,4,合格,合格,合格,未確認,未確認,未確認
enemy_04_rei_kageyama,damage_low,4,合格,合格,合格,未確認,未確認,未確認
enemy_04_rei_kageyama,dash,4,合格,合格,合格,未確認,未確認,未確認
enemy_04_rei_kageyama,defeat,4,合格,合格,合格,未確認,未確認,未確認
enemy_04_rei_kageyama,directional_throw_held,2,合格,合格,合格,未確認,未確認,未確認
enemy_04_rei_kageyama,down,2,合格,合格,合格,未確認,未確認,未確認
enemy_04_rei_kageyama,fall,2,合格,合格,合格,未確認,未確認,未確認
enemy_04_rei_kageyama,get_up,8,合格,合格,合格,未確認,未確認,未確認
enemy_04_rei_kageyama,getup,8,合格,合格,合格,未確認,未確認,未確認
enemy_04_rei_kageyama,grabbed,2,合格,合格,合格,未確認,未確認,未確認
enemy_04_rei_kageyama,guard,2,合格,合格,合格,未確認,未確認,未確認
enemy_04_rei_kageyama,guard_hit,4,合格,合格,合格,未確認,未確認,未確認
enemy_04_rei_kageyama,heavy_attack,6,合格,合格,合格,未確認,未確認,未確認
enemy_04_rei_kageyama,idle,8,合格,合格,合格,未確認,未確認,未確認
enemy_04_rei_kageyama,idle_prebattle,4,合格,合格,合格,未確認,未確認,未確認
enemy_04_rei_kageyama,idle_ready,8,合格,合格,合格,未確認,未確認,未確認
enemy_04_rei_kageyama,jump,4,合格,合格,合格,未確認,未確認,未確認
enemy_04_rei_kageyama,jump_air,2,合格,合格,合格,未確認,未確認,未確認
enemy_04_rei_kageyama,jump_ascent,2,合格,合格,合格,未確認,未確認,未確認
enemy_04_rei_kageyama,jump_fall,2,合格,合格,合格,未確認,未確認,未確認
enemy_04_rei_kageyama,jump_kick,6,合格,合格,合格,未確認,未確認,未確認
enemy_04_rei_kageyama,jump_land,4,合格,合格,合格,未確認,未確認,未確認
enemy_04_rei_kageyama,jump_punch,6,合格,合格,合格,未確認,未確認,未確認
enemy_04_rei_kageyama,jump_punch_down,6,合格,合格,合格,未確認,未確認,未確認
enemy_04_rei_kageyama,jump_start,4,合格,合格,合格,未確認,未確認,未確認
enemy_04_rei_kageyama,jump_up,2,合格,合格,合格,未確認,未確認,未確認
enemy_04_rei_kageyama,kick,6,合格,合格,合格,未確認,未確認,未確認
enemy_04_rei_kageyama,kick_1,6,合格,合格,合格,未確認,未確認,未確認
enemy_04_rei_kageyama,kick_2,6,合格,合格,合格,未確認,未確認,未確認
enemy_04_rei_kageyama,knockback,4,合格,合格,合格,未確認,未確認,未確認
enemy_04_rei_kageyama,knockdown,6,合格,合格,合格,未確認,未確認,未確認
enemy_04_rei_kageyama,ko,4,合格,合格,合格,未確認,未確認,未確認
enemy_04_rei_kageyama,land,4,合格,合格,合格,未確認,未確認,未確認
enemy_04_rei_kageyama,landing,4,合格,合格,合格,未確認,未確認,未確認
enemy_04_rei_kageyama,light_attack,6,合格,合格,合格,未確認,未確認,未確認
enemy_04_rei_kageyama,punch,6,合格,合格,合格,未確認,未確認,未確認
enemy_04_rei_kageyama,punch_1,6,合格,合格,合格,未確認,未確認,未確認
enemy_04_rei_kageyama,punch_2,6,合格,合格,合格,未確認,未確認,未確認
enemy_04_rei_kageyama,received_akky_elbow_air,4,合格,合格,合格,未確認,未確認,未確認
enemy_04_rei_kageyama,received_akky_elbow_down,2,合格,合格,合格,未確認,未確認,未確認
enemy_04_rei_kageyama,received_akky_elbow_fall,2,合格,合格,合格,未確認,未確認,未確認
enemy_04_rei_kageyama,received_akky_elbow_hit,2,合格,合格,合格,未確認,未確認,未確認
enemy_04_rei_kageyama,received_akky_elbow_wall,2,合格,合格,合格,未確認,未確認,未確認
enemy_04_rei_kageyama,received_gou_breaker_air,2,合格,合格,合格,未確認,未確認,未確認
enemy_04_rei_kageyama,received_gou_breaker_down,2,合格,合格,合格,未確認,未確認,未確認
enemy_04_rei_kageyama,received_gou_breaker_hit,2,合格,合格,合格,未確認,未確認,未確認
enemy_04_rei_kageyama,received_seiya_somersault_air,2,合格,合格,合格,未確認,未確認,未確認
enemy_04_rei_kageyama,received_seiya_somersault_down,2,合格,合格,合格,未確認,未確認,未確認
enemy_04_rei_kageyama,received_seiya_somersault_fall,2,合格,合格,合格,未確認,未確認,未確認
enemy_04_rei_kageyama,received_seiya_somersault_hit,2,合格,合格,合格,未確認,未確認,未確認
enemy_04_rei_kageyama,received_seiya_two_down,2,合格,合格,合格,未確認,未確認,未確認
enemy_04_rei_kageyama,received_seiya_two_fall,2,合格,合格,合格,未確認,未確認,未確認
enemy_04_rei_kageyama,received_seiya_two_fly,2,合格,合格,合格,未確認,未確認,未確認
enemy_04_rei_kageyama,received_seiya_two_lift,2,合格,合格,合格,未確認,未確認,未確認
enemy_04_rei_kageyama,rei_dragon_uppercut,4,合格,合格,合格,未確認,未確認,未確認
enemy_04_rei_kageyama,rei_uppercut_finish,6,合格,合格,合格,未確認,未確認,未確認
enemy_04_rei_kageyama,rei_uppercut_startup,6,合格,合格,合格,未確認,未確認,未確認
enemy_04_rei_kageyama,special,2,合格,合格,合格,未確認,未確認,未確認
enemy_04_rei_kageyama,special_attack,2,合格,合格,合格,未確認,未確認,未確認
enemy_04_rei_kageyama,special_recovery,2,合格,合格,合格,未確認,未確認,未確認
enemy_04_rei_kageyama,special_startup,2,合格,合格,合格,未確認,未確認,未確認
enemy_04_rei_kageyama,stand_up,8,合格,合格,合格,未確認,未確認,未確認
enemy_04_rei_kageyama,throw,4,合格,合格,合格,未確認,未確認,未確認
enemy_04_rei_kageyama,throw_hold,2,合格,合格,合格,未確認,未確認,未確認
enemy_04_rei_kageyama,throw_release,2,合格,合格,合格,未確認,未確認,未確認
enemy_04_rei_kageyama,throw_start,2,合格,合格,合格,未確認,未確認,未確認
enemy_04_rei_kageyama,throw_victim_back_air,4,合格,合格,合格,未確認,未確認,未確認
enemy_04_rei_kageyama,throw_victim_down_air,4,合格,合格,合格,未確認,未確認,未確認
enemy_04_rei_kageyama,throw_victim_forward_air,4,合格,合格,合格,未確認,未確認,未確認
enemy_04_rei_kageyama,throw_victim_neutral_air,4,合格,合格,合格,未確認,未確認,未確認
enemy_04_rei_kageyama,throw_victim_slam_down,2,合格,合格,合格,未確認,未確認,未確認
enemy_04_rei_kageyama,thrown,4,合格,合格,合格,未確認,未確認,未確認
enemy_04_rei_kageyama,walk,8,合格,合格,合格,未確認,未確認,未確認
enemy_04_rei_kageyama,walk_backward,8,合格,合格,合格,未確認,未確認,未確認
enemy_04_rei_kageyama,walk_forward,8,合格,合格,合格,未確認,未確認,未確認
