character,role,direction,facing,clip_routing,contact_alignment,anatomy_2_percent,public_web
akky,throws_Rei,neutral,1,pass,unverified,unverified,unverified
akky,throws_Rei,forward,1,pass,unverified,unverified,unverified
akky,throws_Rei,down,1,pass,unverified,unverified,unverified
akky,throws_Rei,back,1,pass,unverified,unverified,unverified
akky,receives_Rei_throw,normal,1,pass,fail,unverified,unverified
akky,throws_Rei,neutral,-1,pass,unverified,unverified,unverified
akky,throws_Rei,forward,-1,pass,unverified,unverified,unverified
akky,throws_Rei,down,-1,pass,unverified,unverified,unverified
akky,throws_Rei,back,-1,pass,unverified,unverified,unverified
akky,receives_Rei_throw,normal,-1,pass,fail,unverified,unverified
gou,throws_Rei,neutral,1,pass,unverified,unverified,unverified
gou,throws_Rei,forward,1,pass,unverified,unverified,unverified
gou,throws_Rei,down,1,pass,unverified,unverified,unverified
gou,throws_Rei,back,1,pass,unverified,unverified,unverified
gou,receives_Rei_throw,normal,1,pass,unverified,unverified,unverified
gou,throws_Rei,neutral,-1,pass,unverified,unverified,unverified
gou,throws_Rei,forward,-1,pass,unverified,unverified,unverified
gou,throws_Rei,down,-1,pass,unverified,unverified,unverified
gou,throws_Rei,back,-1,pass,unverified,unverified,unverified
gou,receives_Rei_throw,normal,-1,pass,unverified,unverified,unverified
seiya,throws_Rei,neutral,1,pass,unverified,unverified,unverified
seiya,throws_Rei,forward,1,pass,unverified,unverified,unverified
seiya,throws_Rei,down,1,pass,unverified,unverified,unverified
seiya,throws_Rei,back,1,pass,unverified,unverified,unverified
seiya,receives_Rei_throw,normal,1,pass,unverified,unverified,unverified
seiya,throws_Rei,neutral,-1,pass,unverified,unverified,unverified
seiya,throws_Rei,forward,-1,pass,unverified,unverified,unverified
seiya,throws_Rei,down,-1,pass,unverified,unverified,unverified
seiya,throws_Rei,back,-1,pass,unverified,unverified,unverified
seiya,receives_Rei_throw,normal,-1,pass,unverified,unverified,unverified
