character,motion,directional_frame_references,unique_images,scale_flip,sheet_review,body_dimensions,gui_all_frames
player_01_akky,air_guard,2,1,合格,一覧確認済み,未確認,未確認
player_01_akky,air_guard_hit,4,2,合格,一覧確認済み,未確認,未確認
player_01_akky,air_hit,4,2,合格,一覧確認済み,未確認,未確認
player_01_akky,akky_air_punch,8,4,合格,一覧確認済み,未確認,未確認
player_01_akky,akky_back_kick,8,4,合格,一覧確認済み,未確認,未確認
player_01_akky,akky_back_punch,8,4,合格,一覧確認済み,未確認,未確認
player_01_akky,akky_dive_kick,4,2,合格,一覧確認済み,未確認,未確認
player_01_akky,akky_dive_land,2,1,合格,一覧確認済み,未確認,未確認
player_01_akky,akky_down_kick,10,4,合格,一覧確認済み,未確認,未確認
player_01_akky,akky_down_punch,8,4,合格,一覧確認済み,未確認,未確認
player_01_akky,akky_forward_kick,10,4,合格,一覧確認済み,未確認,未確認
player_01_akky,akky_forward_punch,8,4,合格,一覧確認済み,未確認,未確認
player_01_akky,akky_reversal_elbow,2,1,合格,一覧確認済み,未確認,未確認
player_01_akky,akky_reversal_finish,2,1,合格,一覧確認済み,未確認,未確認
player_01_akky,akky_reversal_startup,4,2,合格,一覧確認済み,未確認,未確認
player_01_akky,akky_throw_back_release,4,2,合格,一覧確認済み,未確認,未確認
player_01_akky,akky_throw_back_start,2,1,合格,一覧確認済み,未確認,未確認
player_01_akky,akky_throw_down_release,4,2,合格,一覧確認済み,未確認,未確認
player_01_akky,akky_throw_down_start,2,1,合格,一覧確認済み,未確認,未確認
player_01_akky,akky_throw_forward_release,4,2,合格,一覧確認済み,未確認,未確認
player_01_akky,akky_throw_forward_start,2,1,合格,一覧確認済み,未確認,未確認
player_01_akky,akky_throw_neutral_release,4,2,合格,一覧確認済み,未確認,未確認
player_01_akky,akky_throw_neutral_start,2,1,合格,一覧確認済み,未確認,未確認
player_01_akky,backstep,10,4,合格,一覧確認済み,未確認,未確認
player_01_akky,combo_finisher,12,4,合格,一覧確認済み,未確認,未確認
player_01_akky,cross_muei_air,2,1,合格,一覧確認済み,未確認,未確認
player_01_akky,cross_muei_down,2,1,合格,一覧確認済み,未確認,未確認
player_01_akky,cross_muei_held,2,1,合格,一覧確認済み,未確認,未確認
player_01_akky,cross_react_joint,2,1,合格,一覧確認済み,未確認,未確認
player_01_akky,cross_react_joint_down,4,2,合格,一覧確認済み,未確認,未確認
player_01_akky,cross_react_pull,2,1,合格,一覧確認済み,未確認,未確認
player_01_akky,cross_react_pull_down,6,3,合格,一覧確認済み,未確認,未確認
player_01_akky,cross_react_reap,2,1,合格,一覧確認済み,未確認,未確認
player_01_akky,cross_react_reap_down,4,2,合格,一覧確認済み,未確認,未確認
player_01_akky,cross_react_shoulder,4,2,合格,一覧確認済み,未確認,未確認
player_01_akky,cross_react_shoulder_down,6,3,合格,一覧確認済み,未確認,未確認
player_01_akky,crouch,4,2,合格,一覧確認済み,未確認,未確認
player_01_akky,crouch_guard,2,1,合格,一覧確認済み,未確認,未確認
player_01_akky,crouch_guard_release,6,3,合格,一覧確認済み,未確認,未確認
player_01_akky,crouch_idle,4,2,合格,一覧確認済み,未確認,未確認
player_01_akky,crouch_kick,8,4,合格,一覧確認済み,未確認,未確認
player_01_akky,crouch_kick_sweep,8,4,合格,一覧確認済み,未確認,未確認
player_01_akky,crouch_punch,8,4,合格,一覧確認済み,未確認,未確認
player_01_akky,crouch_release,4,2,合格,一覧確認済み,未確認,未確認
player_01_akky,crouch_sweep_kick,8,4,合格,一覧確認済み,未確認,未確認
player_01_akky,crusher_throw_back_air,4,2,合格,一覧確認済み,未確認,未確認
player_01_akky,crusher_throw_down_air,2,1,合格,一覧確認済み,未確認,未確認
player_01_akky,crusher_throw_forward_air,4,2,合格,一覧確認済み,未確認,未確認
player_01_akky,crusher_throw_held,2,1,合格,一覧確認済み,未確認,未確認
player_01_akky,crusher_throw_neutral_air,4,2,合格,一覧確認済み,未確認,未確認
player_01_akky,crusher_throw_slam_down,2,1,合格,一覧確認済み,未確認,未確認
player_01_akky,damage,8,4,合格,一覧確認済み,未確認,未確認
player_01_akky,damage_heavy,6,3,合格,一覧確認済み,未確認,未確認
player_01_akky,damage_high,6,3,合格,一覧確認済み,未確認,未確認
player_01_akky,damage_light,6,3,合格,一覧確認済み,未確認,未確認
player_01_akky,damage_low,6,3,合格,一覧確認済み,未確認,未確認
player_01_akky,dash,8,4,合格,一覧確認済み,未確認,未確認
player_01_akky,defeat,8,4,合格,一覧確認済み,未確認,未確認
player_01_akky,directional_throw_hold,2,1,合格,一覧確認済み,未確認,未確認
player_01_akky,down,2,1,合格,一覧確認済み,未確認,未確認
player_01_akky,fall,4,1,合格,一覧確認済み,未確認,未確認
player_01_akky,get_up,10,5,合格,一覧確認済み,未確認,未確認
player_01_akky,getup,8,4,合格,一覧確認済み,未確認,未確認
player_01_akky,grapple_air,2,1,合格,一覧確認済み,未確認,未確認
player_01_akky,grapple_down,2,1,合格,一覧確認済み,未確認,未確認
player_01_akky,grapple_held,2,1,合格,一覧確認済み,未確認,未確認
player_01_akky,ground_bounce,2,1,合格,一覧確認済み,未確認,未確認
player_01_akky,ground_impact,2,1,合格,一覧確認済み,未確認,未確認
player_01_akky,guard,6,2,合格,一覧確認済み,未確認,未確認
player_01_akky,guard_hit,4,2,合格,一覧確認済み,未確認,未確認
player_01_akky,guard_release,6,3,合格,一覧確認済み,未確認,未確認
player_01_akky,heavy_attack,12,4,合格,一覧確認済み,未確認,未確認
player_01_akky,idle,8,4,合格,一覧確認済み,未確認,未確認
player_01_akky,idle_prebattle,8,4,合格,一覧確認済み,未確認,未確認
player_01_akky,idle_ready,8,4,合格,一覧確認済み,未確認,未確認
player_01_akky,jump,4,2,合格,一覧確認済み,未確認,未確認
player_01_akky,jump_air,4,2,合格,一覧確認済み,未確認,未確認
player_01_akky,jump_fall,4,1,合格,一覧確認済み,未確認,未確認
player_01_akky,jump_kick,8,4,合格,一覧確認済み,未確認,未確認
player_01_akky,jump_land,4,2,合格,一覧確認済み,未確認,未確認
player_01_akky,jump_punch,8,4,合格,一覧確認済み,未確認,未確認
player_01_akky,jump_punch_down,8,4,合格,一覧確認済み,未確認,未確認
player_01_akky,jump_start,4,2,合格,一覧確認済み,未確認,未確認
player_01_akky,jump_up,4,2,合格,一覧確認済み,未確認,未確認
player_01_akky,kick,12,4,合格,一覧確認済み,未確認,未確認
player_01_akky,kick_1,10,4,合格,一覧確認済み,未確認,未確認
player_01_akky,kick_2,10,4,合格,一覧確認済み,未確認,未確認
player_01_akky,knockback,8,4,合格,一覧確認済み,未確認,未確認
player_01_akky,knockdown,8,4,合格,一覧確認済み,未確認,未確認
player_01_akky,knockdown_high,8,4,合格,一覧確認済み,未確認,未確認
player_01_akky,knockdown_low,8,4,合格,一覧確認済み,未確認,未確認
player_01_akky,ko,8,4,合格,一覧確認済み,未確認,未確認
player_01_akky,land,4,2,合格,一覧確認済み,未確認,未確認
player_01_akky,landing,4,2,合格,一覧確認済み,未確認,未確認
player_01_akky,launch_hit,8,4,合格,一覧確認済み,未確認,未確認
player_01_akky,light_attack,8,4,合格,一覧確認済み,未確認,未確認
player_01_akky,punch,8,4,合格,一覧確認済み,未確認,未確認
player_01_akky,punch_1,8,4,合格,一覧確認済み,未確認,未確認
player_01_akky,punch_2,8,4,合格,一覧確認済み,未確認,未確認
player_01_akky,received_cross_muei_guard,4,2,合格,一覧確認済み,未確認,未確認
player_01_akky,received_crusher_hammer_air,2,1,合格,一覧確認済み,未確認,未確認
player_01_akky,received_crusher_hammer_down,2,1,合格,一覧確認済み,未確認,未確認
player_01_akky,received_crusher_hammer_guard,4,2,合格,一覧確認済み,未確認,未確認
player_01_akky,received_crusher_hammer_hit,2,1,合格,一覧確認済み,未確認,未確認
player_01_akky,received_rei_uppercut_air,4,2,合格,一覧確認済み,未確認,未確認
player_01_akky,received_rei_uppercut_down,2,1,合格,一覧確認済み,未確認,未確認
player_01_akky,received_rei_uppercut_guard,4,2,合格,一覧確認済み,未確認,未確認
player_01_akky,received_rei_uppercut_hit,2,1,合格,一覧確認済み,未確認,未確認
player_01_akky,received_seiya_two_down,2,1,合格,一覧確認済み,未確認,未確認
player_01_akky,received_seiya_two_fall,2,1,合格,一覧確認済み,未確認,未確認
player_01_akky,received_seiya_two_fly,2,1,合格,一覧確認済み,未確認,未確認
player_01_akky,received_seiya_two_lift,2,1,合格,一覧確認済み,未確認,未確認
player_01_akky,received_shadow_counter_air,2,1,合格,一覧確認済み,未確認,未確認
player_01_akky,received_shadow_counter_down,2,1,合格,一覧確認済み,未確認,未確認
player_01_akky,received_shadow_counter_hit,2,1,合格,一覧確認済み,未確認,未確認
player_01_akky,received_teki_palm_air,4,2,合格,一覧確認済み,未確認,未確認
player_01_akky,received_teki_palm_down,2,1,合格,一覧確認済み,未確認,未確認
player_01_akky,received_teki_palm_guard,4,2,合格,一覧確認済み,未確認,未確認
player_01_akky,received_teki_palm_hit,2,1,合格,一覧確認済み,未確認,未確認
player_01_akky,special,8,4,合格,一覧確認済み,未確認,未確認
player_01_akky,special_01,8,4,合格,一覧確認済み,未確認,未確認
player_01_akky,special_02,8,4,合格,一覧確認済み,未確認,未確認
player_01_akky,special_attack,2,1,合格,一覧確認済み,未確認,未確認
player_01_akky,special_guard,6,3,合格,一覧確認済み,未確認,未確認
player_01_akky,special_hit,4,2,合格,一覧確認済み,未確認,未確認
player_01_akky,special_knockback,4,2,合格,一覧確認済み,未確認,未確認
player_01_akky,special_knockdown,2,1,合格,一覧確認済み,未確認,未確認
player_01_akky,special_recovery,4,2,合格,一覧確認済み,未確認,未確認
player_01_akky,special_startup,4,2,合格,一覧確認済み,未確認,未確認
player_01_akky,special_thunder_drive,8,4,合格,一覧確認済み,未確認,未確認
player_01_akky,stand_up,10,5,合格,一覧確認済み,未確認,未確認
player_01_akky,throw,8,4,合格,一覧確認済み,未確認,未確認
player_01_akky,thrown,8,4,合格,一覧確認済み,未確認,未確認
player_01_akky,ultimate_attack,8,4,合格,一覧確認済み,未確認,未確認
player_01_akky,ultimate_recovery,4,2,合格,一覧確認済み,未確認,未確認
player_01_akky,ultimate_startup,4,2,合格,一覧確認済み,未確認,未確認
player_01_akky,victory,8,4,合格,一覧確認済み,未確認,未確認
player_01_akky,walk,16,8,合格,一覧確認済み,未確認,未確認
player_01_akky,walk_backward,16,8,合格,一覧確認済み,未確認,未確認
player_01_akky,walk_forward,16,8,合格,一覧確認済み,未確認,未確認
player_01_akky,wall_fall,2,1,合格,一覧確認済み,未確認,未確認
player_01_akky,wall_hit,2,1,合格,一覧確認済み,未確認,未確認
