frame,pose,crown,chin,collar,belt,head_surface_distance,collar_belt_distance,head_proxy_delta_percent,torso_proxy_delta_percent,endpoint_uncertainty_pixels,distance_uncertainty_pixels,anatomy_status,target_2percent_status,chin_visibility,reason
idle_right_000_source.png,master,"(163, 36)","(166, 69)","(162, 71)","(160, 113)",33.136,42.048,0.0,0.0,2,4,未確認,未確認,visible_surface,"Surface proxies, rotation and occlusion do not establish bone dimensions."
damage_light_right_001_source.png,head_down,"(153, 40)","(153, 73)","(152, 76)","(154, 112)",33.0,36.056,-0.41,-14.25,2,4,未確認,未確認,visible_surface,"Surface proxies, rotation and occlusion do not establish bone dimensions."
damage_heavy_right_001_source.png,lean_rotation,"(142, 39)","(141, 69)","(144, 73)","(164, 110)",30.017,42.059,-9.41,0.03,2,4,未確認,未確認,visible_surface,"Surface proxies, rotation and occlusion do not establish bone dimensions."
damage_high_right_000_source.png,head_up,"(143, 38)","(151, 66)","(150, 70)","(165, 110)",29.12,42.72,-12.12,1.6,2,4,未確認,未確認,visible_surface,"Surface proxies, rotation and occlusion do not establish bone dimensions."
damage_low_right_001_source.png,forward_fold_occlusion,"(172, 75)","(174, 107)","(162, 109)","(155, 128)",32.062,20.248,-3.24,-51.84,2,4,未確認,未確認,visible_surface,"Surface proxies, rotation and occlusion do not establish bone dimensions."
akky_throw_back_start_right_000_source.png,guard_pose,"(163, 49)","(164, 78)","(158, 80)","(160, 121)",29.017,41.049,-12.43,-2.38,2,4,未確認,未確認,visible_surface,"Surface proxies, rotation and occlusion do not establish bone dimensions."
special_guard_right_002_source.png,crouch_head_down,"(162, 66)","(168, 91)","(158, 94)","(162, 128)",25.71,34.234,-22.41,-18.58,2,4,未確認,未確認,partly_occluded,"Surface proxies, rotation and occlusion do not establish bone dimensions."
wall_hit_right_000_source.png,lean_rotation,"(125, 56)","(133, 85)","(134, 87)","(148, 119)",30.083,34.928,-9.21,-16.93,2,4,未確認,未確認,visible_surface,"Surface proxies, rotation and occlusion do not establish bone dimensions."
idle_right_001_source.png,idle_reference_variation,"(163, 35)","(166, 68)","(163, 70)","(158, 113)",33.136,43.29,0.0,2.95,2,4,未確認,未確認,visible_surface,"Surface proxies, rotation and occlusion do not establish bone dimensions."
idle_right_002_source.png,idle_reference_variation,"(163, 37)","(166, 70)","(162, 71)","(159, 114)",33.136,43.105,0.0,2.51,2,4,未確認,未確認,visible_surface,"Surface proxies, rotation and occlusion do not establish bone dimensions."
idle_right_003_source.png,idle_reference_variation,"(163, 36)","(166, 69)","(163, 71)","(158, 114)",33.136,43.29,0.0,2.95,2,4,未確認,未確認,visible_surface,"Surface proxies, rotation and occlusion do not establish bone dimensions."
special_guard_right_000_source.png,chin_partly_occluded,"(161, 66)","(164, 92)","(155, 94)","(158, 126)",26.173,32.14,-21.02,-23.56,2,4,未確認,未確認,partly_occluded,"Surface proxies, rotation and occlusion do not establish bone dimensions."
special_guard_right_001_source.png,chin_partly_occluded,"(162, 66)","(165, 92)","(157, 94)","(161, 127)",26.173,33.242,-21.02,-20.94,2,4,未確認,未確認,partly_occluded,"Surface proxies, rotation and occlusion do not establish bone dimensions."
wall_fall_right_000_source.png,head_down_forward_lean,"(162, 67)","(164, 95)","(155, 97)","(148, 133)",28.071,36.674,-15.28,-12.78,2,4,未確認,未確認,visible_surface,"Surface proxies, rotation and occlusion do not establish bone dimensions."
