actor,motion,captured_directional_frames,constant_scale,canvas_and_source_origin,clipping,identity_outfit_visual_review,body_balance_2percent,anatomy_2percent,head_concern_frames,crouch_pose_review,design_review,reason
player_02_gou,air_guard,4,合格,合格,合格,合格,未確認,未確認,[],未確認,未確認,全フレームの描画取得済み。隠れた関節や回転姿勢の身体寸法は画像外接矩形では判定できない。
player_02_gou,air_guard_hit,4,合格,合格,合格,合格,未確認,未確認,[],未確認,未確認,全フレームの描画取得済み。隠れた関節や回転姿勢の身体寸法は画像外接矩形では判定できない。
player_02_gou,air_hit,4,合格,合格,合格,合格,未確認,未確認,[],未確認,未確認,全フレームの描画取得済み。隠れた関節や回転姿勢の身体寸法は画像外接矩形では判定できない。
player_02_gou,backstep,10,合格,合格,合格,合格,未確認,未確認,[],未確認,未確認,全フレームの描画取得済み。隠れた関節や回転姿勢の身体寸法は画像外接矩形では判定できない。
player_02_gou,combo_finisher,12,合格,合格,合格,合格,未確認,未確認,[],未確認,未確認,全フレームの描画取得済み。隠れた関節や回転姿勢の身体寸法は画像外接矩形では判定できない。
player_02_gou,cross_muei_air,2,合格,合格,合格,合格,未確認,未確認,[],未確認,未確認,全フレームの描画取得済み。隠れた関節や回転姿勢の身体寸法は画像外接矩形では判定できない。
player_02_gou,cross_muei_down,2,合格,合格,合格,合格,未確認,未確認,[],未確認,未確認,全フレームの描画取得済み。隠れた関節や回転姿勢の身体寸法は画像外接矩形では判定できない。
player_02_gou,cross_muei_held,2,合格,合格,合格,合格,未確認,未確認,[],未確認,未確認,全フレームの描画取得済み。隠れた関節や回転姿勢の身体寸法は画像外接矩形では判定できない。
player_02_gou,cross_react_joint,2,合格,合格,合格,合格,未確認,未確認,[],未確認,未確認,全フレームの描画取得済み。隠れた関節や回転姿勢の身体寸法は画像外接矩形では判定できない。
player_02_gou,cross_react_joint_down,4,合格,合格,合格,合格,未確認,未確認,[],未確認,未確認,全フレームの描画取得済み。隠れた関節や回転姿勢の身体寸法は画像外接矩形では判定できない。
player_02_gou,cross_react_pull,2,合格,合格,合格,合格,未確認,未確認,[],未確認,未確認,全フレームの描画取得済み。隠れた関節や回転姿勢の身体寸法は画像外接矩形では判定できない。
player_02_gou,cross_react_pull_down,6,合格,合格,合格,合格,未確認,未確認,[],未確認,未確認,全フレームの描画取得済み。隠れた関節や回転姿勢の身体寸法は画像外接矩形では判定できない。
player_02_gou,cross_react_reap,2,合格,合格,合格,合格,未確認,未確認,[],未確認,未確認,全フレームの描画取得済み。隠れた関節や回転姿勢の身体寸法は画像外接矩形では判定できない。
player_02_gou,cross_react_reap_down,4,合格,合格,合格,合格,未確認,未確認,[],未確認,未確認,全フレームの描画取得済み。隠れた関節や回転姿勢の身体寸法は画像外接矩形では判定できない。
player_02_gou,cross_react_shoulder,4,合格,合格,合格,合格,未確認,未確認,[],未確認,未確認,全フレームの描画取得済み。隠れた関節や回転姿勢の身体寸法は画像外接矩形では判定できない。
player_02_gou,cross_react_shoulder_down,6,合格,合格,合格,合格,未確認,未確認,[],未確認,未確認,全フレームの描画取得済み。隠れた関節や回転姿勢の身体寸法は画像外接矩形では判定できない。
player_02_gou,crouch,6,合格,合格,合格,合格,未確認,未確認,[],未確認,未確認,全フレームの描画取得済み。隠れた関節や回転姿勢の身体寸法は画像外接矩形では判定できない。
player_02_gou,crouch_guard,4,合格,合格,合格,合格,未確認,未確認,[],未確認,未確認,全フレームの描画取得済み。隠れた関節や回転姿勢の身体寸法は画像外接矩形では判定できない。
player_02_gou,crouch_guard_hold,2,合格,合格,合格,合格,未確認,未確認,[],未確認,未確認,全フレームの描画取得済み。隠れた関節や回転姿勢の身体寸法は画像外接矩形では判定できない。
player_02_gou,crouch_guard_release,4,合格,合格,合格,合格,未確認,未確認,[],未確認,未確認,全フレームの描画取得済み。隠れた関節や回転姿勢の身体寸法は画像外接矩形では判定できない。
player_02_gou,crouch_guard_start,2,合格,合格,合格,合格,未確認,未確認,[],未確認,未確認,全フレームの描画取得済み。隠れた関節や回転姿勢の身体寸法は画像外接矩形では判定できない。
player_02_gou,crouch_idle,2,合格,合格,合格,合格,未確認,未確認,[],未確認,未確認,全フレームの描画取得済み。隠れた関節や回転姿勢の身体寸法は画像外接矩形では判定できない。
player_02_gou,crouch_kick,12,合格,合格,合格,合格,未確認,未確認,[],未確認,未確認,全フレームの描画取得済み。隠れた関節や回転姿勢の身体寸法は画像外接矩形では判定できない。
player_02_gou,crouch_kick_sweep,12,合格,合格,合格,合格,未確認,未確認,[],未確認,未確認,全フレームの描画取得済み。隠れた関節や回転姿勢の身体寸法は画像外接矩形では判定できない。
player_02_gou,crouch_punch,12,合格,合格,合格,合格,未確認,未確認,[],未確認,未確認,全フレームの描画取得済み。隠れた関節や回転姿勢の身体寸法は画像外接矩形では判定できない。
player_02_gou,crouch_release,6,合格,合格,合格,合格,未確認,未確認,[],未確認,未確認,全フレームの描画取得済み。隠れた関節や回転姿勢の身体寸法は画像外接矩形では判定できない。
player_02_gou,crouch_start,6,合格,合格,合格,合格,未確認,未確認,[],未確認,未確認,全フレームの描画取得済み。隠れた関節や回転姿勢の身体寸法は画像外接矩形では判定できない。
player_02_gou,crouch_sweep_kick,12,合格,合格,合格,合格,未確認,未確認,[],未確認,未確認,全フレームの描画取得済み。隠れた関節や回転姿勢の身体寸法は画像外接矩形では判定できない。
player_02_gou,crusher_throw_back_air,2,合格,合格,合格,合格,未確認,未確認,[],未確認,未確認,全フレームの描画取得済み。隠れた関節や回転姿勢の身体寸法は画像外接矩形では判定できない。
player_02_gou,crusher_throw_down_air,2,合格,合格,合格,合格,未確認,未確認,[],未確認,未確認,全フレームの描画取得済み。隠れた関節や回転姿勢の身体寸法は画像外接矩形では判定できない。
player_02_gou,crusher_throw_forward_air,2,合格,合格,合格,合格,未確認,未確認,[],未確認,未確認,全フレームの描画取得済み。隠れた関節や回転姿勢の身体寸法は画像外接矩形では判定できない。
player_02_gou,crusher_throw_held,2,合格,合格,合格,合格,未確認,未確認,[],未確認,未確認,全フレームの描画取得済み。隠れた関節や回転姿勢の身体寸法は画像外接矩形では判定できない。
player_02_gou,crusher_throw_neutral_air,2,合格,合格,合格,合格,未確認,未確認,[],未確認,未確認,全フレームの描画取得済み。隠れた関節や回転姿勢の身体寸法は画像外接矩形では判定できない。
player_02_gou,crusher_throw_slam_down,2,合格,合格,合格,合格,未確認,未確認,[],未確認,未確認,全フレームの描画取得済み。隠れた関節や回転姿勢の身体寸法は画像外接矩形では判定できない。
player_02_gou,damage,6,合格,合格,合格,合格,未確認,未確認,[],未確認,未確認,全フレームの描画取得済み。隠れた関節や回転姿勢の身体寸法は画像外接矩形では判定できない。
player_02_gou,damage_heavy,6,合格,合格,合格,合格,未確認,未確認,[],未確認,未確認,全フレームの描画取得済み。隠れた関節や回転姿勢の身体寸法は画像外接矩形では判定できない。
player_02_gou,damage_high,6,合格,合格,合格,合格,未確認,未確認,[],未確認,未確認,全フレームの描画取得済み。隠れた関節や回転姿勢の身体寸法は画像外接矩形では判定できない。
player_02_gou,damage_light,6,合格,合格,合格,合格,未確認,未確認,[],未確認,未確認,全フレームの描画取得済み。隠れた関節や回転姿勢の身体寸法は画像外接矩形では判定できない。
player_02_gou,damage_low,6,合格,合格,合格,合格,未確認,未確認,[],未確認,未確認,全フレームの描画取得済み。隠れた関節や回転姿勢の身体寸法は画像外接矩形では判定できない。
player_02_gou,dash,12,合格,合格,合格,合格,未確認,未確認,[],未確認,未確認,全フレームの描画取得済み。隠れた関節や回転姿勢の身体寸法は画像外接矩形では判定できない。
player_02_gou,defeat,6,合格,合格,合格,合格,未確認,未確認,[],未確認,未確認,全フレームの描画取得済み。隠れた関節や回転姿勢の身体寸法は画像外接矩形では判定できない。
player_02_gou,directional_throw_held,2,合格,合格,合格,合格,未確認,未確認,[],未確認,未確認,全フレームの描画取得済み。隠れた関節や回転姿勢の身体寸法は画像外接矩形では判定できない。
player_02_gou,directional_throw_hold,2,合格,合格,合格,合格,未確認,未確認,[],未確認,未確認,全フレームの描画取得済み。隠れた関節や回転姿勢の身体寸法は画像外接矩形では判定できない。
player_02_gou,down,2,合格,合格,合格,合格,未確認,未確認,[],未確認,未確認,全フレームの描画取得済み。隠れた関節や回転姿勢の身体寸法は画像外接矩形では判定できない。
player_02_gou,fall,2,合格,合格,合格,合格,未確認,未確認,[],未確認,未確認,全フレームの描画取得済み。隠れた関節や回転姿勢の身体寸法は画像外接矩形では判定できない。
player_02_gou,get_up,6,合格,合格,合格,合格,未確認,未確認,[],未確認,未確認,全フレームの描画取得済み。隠れた関節や回転姿勢の身体寸法は画像外接矩形では判定できない。
player_02_gou,getup,6,合格,合格,合格,合格,未確認,未確認,[],未確認,未確認,全フレームの描画取得済み。隠れた関節や回転姿勢の身体寸法は画像外接矩形では判定できない。
player_02_gou,gou_air_kick,10,合格,合格,合格,合格,未確認,未確認,[],未確認,未確認,全フレームの描画取得済み。隠れた関節や回転姿勢の身体寸法は画像外接矩形では判定できない。
player_02_gou,gou_air_punch,10,合格,合格,合格,合格,未確認,未確認,[],未確認,未確認,全フレームの描画取得済み。隠れた関節や回転姿勢の身体寸法は画像外接矩形では判定できない。
player_02_gou,gou_back_kick,10,合格,合格,合格,合格,未確認,未確認,[],未確認,未確認,全フレームの描画取得済み。隠れた関節や回転姿勢の身体寸法は画像外接矩形では判定できない。
player_02_gou,gou_back_punch,10,合格,合格,合格,合格,未確認,未確認,[],未確認,未確認,全フレームの描画取得済み。隠れた関節や回転姿勢の身体寸法は画像外接矩形では判定できない。
player_02_gou,gou_dive_kick,6,合格,合格,合格,合格,未確認,未確認,[],未確認,未確認,全フレームの描画取得済み。隠れた関節や回転姿勢の身体寸法は画像外接矩形では判定できない。
player_02_gou,gou_dive_land,6,合格,合格,合格,合格,未確認,未確認,[],未確認,未確認,全フレームの描画取得済み。隠れた関節や回転姿勢の身体寸法は画像外接矩形では判定できない。
player_02_gou,gou_down_punch,10,合格,合格,合格,合格,未確認,未確認,[],未確認,未確認,全フレームの描画取得済み。隠れた関節や回転姿勢の身体寸法は画像外接矩形では判定できない。
player_02_gou,gou_forward_kick,10,合格,合格,合格,合格,未確認,未確認,[],未確認,未確認,全フレームの描画取得済み。隠れた関節や回転姿勢の身体寸法は画像外接矩形では判定できない。
player_02_gou,gou_forward_punch,10,合格,合格,合格,合格,未確認,未確認,[],未確認,未確認,全フレームの描画取得済み。隠れた関節や回転姿勢の身体寸法は画像外接矩形では判定できない。
player_02_gou,gou_reversal_breaker,4,合格,合格,合格,合格,未確認,未確認,[],未確認,未確認,全フレームの描画取得済み。隠れた関節や回転姿勢の身体寸法は画像外接矩形では判定できない。
player_02_gou,gou_reversal_finish,6,合格,合格,合格,合格,未確認,未確認,[],未確認,未確認,全フレームの描画取得済み。隠れた関節や回転姿勢の身体寸法は画像外接矩形では判定できない。
player_02_gou,gou_reversal_startup,4,合格,合格,合格,合格,未確認,未確認,[],未確認,未確認,全フレームの描画取得済み。隠れた関節や回転姿勢の身体寸法は画像外接矩形では判定できない。
player_02_gou,gou_throw_back_release,6,合格,合格,合格,合格,未確認,未確認,[],未確認,未確認,全フレームの描画取得済み。隠れた関節や回転姿勢の身体寸法は画像外接矩形では判定できない。
player_02_gou,gou_throw_down_release,6,合格,合格,合格,合格,未確認,未確認,[],未確認,未確認,全フレームの描画取得済み。隠れた関節や回転姿勢の身体寸法は画像外接矩形では判定できない。
player_02_gou,gou_throw_forward_release,6,合格,合格,合格,合格,未確認,未確認,[],未確認,未確認,全フレームの描画取得済み。隠れた関節や回転姿勢の身体寸法は画像外接矩形では判定できない。
player_02_gou,gou_throw_neutral_release,6,合格,合格,合格,合格,未確認,未確認,[],未確認,未確認,全フレームの描画取得済み。隠れた関節や回転姿勢の身体寸法は画像外接矩形では判定できない。
player_02_gou,gou_throw_whiff,6,合格,合格,合格,合格,未確認,未確認,[],未確認,未確認,全フレームの描画取得済み。隠れた関節や回転姿勢の身体寸法は画像外接矩形では判定できない。
player_02_gou,grabbed,2,合格,合格,合格,合格,未確認,未確認,[],未確認,未確認,全フレームの描画取得済み。隠れた関節や回転姿勢の身体寸法は画像外接矩形では判定できない。
player_02_gou,grapple_air,2,合格,合格,合格,合格,未確認,未確認,[],未確認,未確認,全フレームの描画取得済み。隠れた関節や回転姿勢の身体寸法は画像外接矩形では判定できない。
player_02_gou,grapple_down,2,合格,合格,合格,合格,未確認,未確認,[],未確認,未確認,全フレームの描画取得済み。隠れた関節や回転姿勢の身体寸法は画像外接矩形では判定できない。
player_02_gou,grapple_held,2,合格,合格,合格,合格,未確認,未確認,[],未確認,未確認,全フレームの描画取得済み。隠れた関節や回転姿勢の身体寸法は画像外接矩形では判定できない。
player_02_gou,ground_bounce,4,合格,合格,合格,合格,未確認,未確認,[],未確認,未確認,全フレームの描画取得済み。隠れた関節や回転姿勢の身体寸法は画像外接矩形では判定できない。
player_02_gou,ground_impact,2,合格,合格,合格,合格,未確認,未確認,[],未確認,未確認,全フレームの描画取得済み。隠れた関節や回転姿勢の身体寸法は画像外接矩形では判定できない。
player_02_gou,guard,4,合格,合格,合格,合格,未確認,未確認,[],未確認,未確認,全フレームの描画取得済み。隠れた関節や回転姿勢の身体寸法は画像外接矩形では判定できない。
player_02_gou,guard_hit,4,合格,合格,合格,合格,未確認,未確認,[],未確認,未確認,全フレームの描画取得済み。隠れた関節や回転姿勢の身体寸法は画像外接矩形では判定できない。
player_02_gou,guard_hold,2,合格,合格,合格,合格,未確認,未確認,[],未確認,未確認,全フレームの描画取得済み。隠れた関節や回転姿勢の身体寸法は画像外接矩形では判定できない。
player_02_gou,guard_release,4,合格,合格,合格,合格,未確認,未確認,[],未確認,未確認,全フレームの描画取得済み。隠れた関節や回転姿勢の身体寸法は画像外接矩形では判定できない。
player_02_gou,guard_start,4,合格,合格,合格,合格,未確認,未確認,[],未確認,未確認,全フレームの描画取得済み。隠れた関節や回転姿勢の身体寸法は画像外接矩形では判定できない。
player_02_gou,heavy_attack,12,合格,合格,合格,合格,未確認,未確認,[],未確認,未確認,全フレームの描画取得済み。隠れた関節や回転姿勢の身体寸法は画像外接矩形では判定できない。
player_02_gou,hit_high,6,合格,合格,合格,合格,未確認,未確認,[],未確認,未確認,全フレームの描画取得済み。隠れた関節や回転姿勢の身体寸法は画像外接矩形では判定できない。
player_02_gou,hit_low,6,合格,合格,合格,合格,未確認,未確認,[],未確認,未確認,全フレームの描画取得済み。隠れた関節や回転姿勢の身体寸法は画像外接矩形では判定できない。
player_02_gou,idle,12,合格,合格,合格,合格,未確認,未確認,[],未確認,未確認,全フレームの描画取得済み。隠れた関節や回転姿勢の身体寸法は画像外接矩形では判定できない。
player_02_gou,idle_prebattle,6,合格,合格,合格,合格,未確認,未確認,[],未確認,未確認,全フレームの描画取得済み。隠れた関節や回転姿勢の身体寸法は画像外接矩形では判定できない。
player_02_gou,idle_ready,12,合格,合格,合格,合格,未確認,未確認,[],未確認,未確認,全フレームの描画取得済み。隠れた関節や回転姿勢の身体寸法は画像外接矩形では判定できない。
player_02_gou,jump,6,合格,合格,合格,合格,未確認,未確認,[],未確認,未確認,全フレームの描画取得済み。隠れた関節や回転姿勢の身体寸法は画像外接矩形では判定できない。
player_02_gou,jump_air,4,合格,合格,合格,合格,未確認,未確認,[],未確認,未確認,全フレームの描画取得済み。隠れた関節や回転姿勢の身体寸法は画像外接矩形では判定できない。
player_02_gou,jump_attack,6,合格,合格,合格,合格,未確認,未確認,[],未確認,未確認,全フレームの描画取得済み。隠れた関節や回転姿勢の身体寸法は画像外接矩形では判定できない。
player_02_gou,jump_fall,2,合格,合格,合格,合格,未確認,未確認,[],未確認,未確認,全フレームの描画取得済み。隠れた関節や回転姿勢の身体寸法は画像外接矩形では判定できない。
player_02_gou,jump_kick,6,合格,合格,合格,合格,未確認,未確認,[],未確認,未確認,全フレームの描画取得済み。隠れた関節や回転姿勢の身体寸法は画像外接矩形では判定できない。
player_02_gou,jump_land,6,合格,合格,合格,合格,未確認,未確認,[],未確認,未確認,全フレームの描画取得済み。隠れた関節や回転姿勢の身体寸法は画像外接矩形では判定できない。
player_02_gou,jump_punch,6,合格,合格,合格,合格,未確認,未確認,[],未確認,未確認,全フレームの描画取得済み。隠れた関節や回転姿勢の身体寸法は画像外接矩形では判定できない。
player_02_gou,jump_punch_down,6,合格,合格,合格,合格,未確認,未確認,[],未確認,未確認,全フレームの描画取得済み。隠れた関節や回転姿勢の身体寸法は画像外接矩形では判定できない。
player_02_gou,jump_start,6,合格,合格,合格,合格,未確認,未確認,[],未確認,未確認,全フレームの描画取得済み。隠れた関節や回転姿勢の身体寸法は画像外接矩形では判定できない。
player_02_gou,jump_up,4,合格,合格,合格,合格,未確認,未確認,[],未確認,未確認,全フレームの描画取得済み。隠れた関節や回転姿勢の身体寸法は画像外接矩形では判定できない。
player_02_gou,kick,12,合格,合格,合格,合格,未確認,未確認,[],未確認,未確認,全フレームの描画取得済み。隠れた関節や回転姿勢の身体寸法は画像外接矩形では判定できない。
player_02_gou,kick_1,12,合格,合格,合格,合格,未確認,未確認,[],未確認,未確認,全フレームの描画取得済み。隠れた関節や回転姿勢の身体寸法は画像外接矩形では判定できない。
player_02_gou,kick_2,12,合格,合格,合格,合格,未確認,未確認,[],未確認,未確認,全フレームの描画取得済み。隠れた関節や回転姿勢の身体寸法は画像外接矩形では判定できない。
player_02_gou,knockback,4,合格,合格,合格,合格,未確認,未確認,[],未確認,未確認,全フレームの描画取得済み。隠れた関節や回転姿勢の身体寸法は画像外接矩形では判定できない。
player_02_gou,knockdown,2,合格,合格,合格,合格,未確認,未確認,[],未確認,未確認,全フレームの描画取得済み。隠れた関節や回転姿勢の身体寸法は画像外接矩形では判定できない。
player_02_gou,knockdown_high,2,合格,合格,合格,合格,未確認,未確認,[],未確認,未確認,全フレームの描画取得済み。隠れた関節や回転姿勢の身体寸法は画像外接矩形では判定できない。
player_02_gou,knockdown_low,2,合格,合格,合格,合格,未確認,未確認,[],未確認,未確認,全フレームの描画取得済み。隠れた関節や回転姿勢の身体寸法は画像外接矩形では判定できない。
player_02_gou,ko,6,合格,合格,合格,合格,未確認,未確認,[],未確認,未確認,全フレームの描画取得済み。隠れた関節や回転姿勢の身体寸法は画像外接矩形では判定できない。
player_02_gou,land,6,合格,合格,合格,合格,未確認,未確認,[],未確認,未確認,全フレームの描画取得済み。隠れた関節や回転姿勢の身体寸法は画像外接矩形では判定できない。
player_02_gou,landing,6,合格,合格,合格,合格,未確認,未確認,[],未確認,未確認,全フレームの描画取得済み。隠れた関節や回転姿勢の身体寸法は画像外接矩形では判定できない。
player_02_gou,launch_hit,4,合格,合格,合格,合格,未確認,未確認,[],未確認,未確認,全フレームの描画取得済み。隠れた関節や回転姿勢の身体寸法は画像外接矩形では判定できない。
player_02_gou,light_attack,12,合格,合格,合格,合格,未確認,未確認,[],未確認,未確認,全フレームの描画取得済み。隠れた関節や回転姿勢の身体寸法は画像外接矩形では判定できない。
player_02_gou,punch,12,合格,合格,合格,合格,未確認,未確認,[],未確認,未確認,全フレームの描画取得済み。隠れた関節や回転姿勢の身体寸法は画像外接矩形では判定できない。
player_02_gou,punch_1,12,合格,合格,合格,合格,未確認,未確認,[],未確認,未確認,全フレームの描画取得済み。隠れた関節や回転姿勢の身体寸法は画像外接矩形では判定できない。
player_02_gou,punch_2,12,合格,合格,合格,合格,未確認,未確認,[],未確認,未確認,全フレームの描画取得済み。隠れた関節や回転姿勢の身体寸法は画像外接矩形では判定できない。
player_02_gou,received_cross_muei_guard,4,合格,合格,合格,合格,未確認,未確認,[],未確認,未確認,全フレームの描画取得済み。隠れた関節や回転姿勢の身体寸法は画像外接矩形では判定できない。
player_02_gou,received_crusher_hammer_air,4,合格,合格,合格,合格,未確認,未確認,[],未確認,未確認,全フレームの描画取得済み。隠れた関節や回転姿勢の身体寸法は画像外接矩形では判定できない。
player_02_gou,received_crusher_hammer_down,4,合格,合格,合格,合格,未確認,未確認,[],未確認,未確認,全フレームの描画取得済み。隠れた関節や回転姿勢の身体寸法は画像外接矩形では判定できない。
player_02_gou,received_crusher_hammer_guard,6,合格,合格,合格,合格,未確認,未確認,[],未確認,未確認,全フレームの描画取得済み。隠れた関節や回転姿勢の身体寸法は画像外接矩形では判定できない。
player_02_gou,received_crusher_hammer_hit,2,合格,合格,合格,合格,未確認,未確認,[],未確認,未確認,全フレームの描画取得済み。隠れた関節や回転姿勢の身体寸法は画像外接矩形では判定できない。
player_02_gou,received_rei_uppercut_air,4,合格,合格,合格,合格,未確認,未確認,[],未確認,未確認,全フレームの描画取得済み。隠れた関節や回転姿勢の身体寸法は画像外接矩形では判定できない。
player_02_gou,received_rei_uppercut_down,2,合格,合格,合格,合格,未確認,未確認,[],未確認,未確認,全フレームの描画取得済み。隠れた関節や回転姿勢の身体寸法は画像外接矩形では判定できない。
player_02_gou,received_rei_uppercut_guard,4,合格,合格,合格,合格,未確認,未確認,[],未確認,未確認,全フレームの描画取得済み。隠れた関節や回転姿勢の身体寸法は画像外接矩形では判定できない。
player_02_gou,received_rei_uppercut_hit,2,合格,合格,合格,合格,未確認,未確認,[],未確認,未確認,全フレームの描画取得済み。隠れた関節や回転姿勢の身体寸法は画像外接矩形では判定できない。
player_02_gou,received_seiya_two_down,4,合格,合格,合格,合格,未確認,未確認,[],未確認,未確認,全フレームの描画取得済み。隠れた関節や回転姿勢の身体寸法は画像外接矩形では判定できない。
player_02_gou,received_seiya_two_fall,4,合格,合格,合格,合格,未確認,未確認,[],未確認,未確認,全フレームの描画取得済み。隠れた関節や回転姿勢の身体寸法は画像外接矩形では判定できない。
player_02_gou,received_seiya_two_fly,4,合格,合格,合格,合格,未確認,未確認,[],未確認,未確認,全フレームの描画取得済み。隠れた関節や回転姿勢の身体寸法は画像外接矩形では判定できない。
player_02_gou,received_seiya_two_lift,4,合格,合格,合格,合格,未確認,未確認,[],未確認,未確認,全フレームの描画取得済み。隠れた関節や回転姿勢の身体寸法は画像外接矩形では判定できない。
player_02_gou,received_shadow_counter_air,2,合格,合格,合格,合格,未確認,未確認,[],未確認,未確認,全フレームの描画取得済み。隠れた関節や回転姿勢の身体寸法は画像外接矩形では判定できない。
player_02_gou,received_shadow_counter_down,2,合格,合格,合格,合格,未確認,未確認,[],未確認,未確認,全フレームの描画取得済み。隠れた関節や回転姿勢の身体寸法は画像外接矩形では判定できない。
player_02_gou,received_shadow_counter_hit,2,合格,合格,合格,合格,未確認,未確認,[],未確認,未確認,全フレームの描画取得済み。隠れた関節や回転姿勢の身体寸法は画像外接矩形では判定できない。
player_02_gou,received_teki_palm_air,4,合格,合格,合格,合格,未確認,未確認,[],未確認,未確認,全フレームの描画取得済み。隠れた関節や回転姿勢の身体寸法は画像外接矩形では判定できない。
player_02_gou,received_teki_palm_down,2,合格,合格,合格,合格,未確認,未確認,[],未確認,未確認,全フレームの描画取得済み。隠れた関節や回転姿勢の身体寸法は画像外接矩形では判定できない。
player_02_gou,received_teki_palm_guard,4,合格,合格,合格,合格,未確認,未確認,[],未確認,未確認,全フレームの描画取得済み。隠れた関節や回転姿勢の身体寸法は画像外接矩形では判定できない。
player_02_gou,received_teki_palm_hit,2,合格,合格,合格,合格,未確認,未確認,[],未確認,未確認,全フレームの描画取得済み。隠れた関節や回転姿勢の身体寸法は画像外接矩形では判定できない。
player_02_gou,special,2,合格,合格,合格,合格,未確認,未確認,[],未確認,未確認,全フレームの描画取得済み。隠れた関節や回転姿勢の身体寸法は画像外接矩形では判定できない。
player_02_gou,special_attack,2,合格,合格,合格,合格,未確認,未確認,[],未確認,未確認,全フレームの描画取得済み。隠れた関節や回転姿勢の身体寸法は画像外接矩形では判定できない。
player_02_gou,special_guard,6,合格,合格,合格,合格,未確認,未確認,[],未確認,未確認,全フレームの描画取得済み。隠れた関節や回転姿勢の身体寸法は画像外接矩形では判定できない。
player_02_gou,special_iron_breaker,2,合格,合格,合格,合格,未確認,未確認,[],未確認,未確認,全フレームの描画取得済み。隠れた関節や回転姿勢の身体寸法は画像外接矩形では判定できない。
player_02_gou,special_recovery,4,合格,合格,合格,合格,未確認,未確認,[],未確認,未確認,全フレームの描画取得済み。隠れた関節や回転姿勢の身体寸法は画像外接矩形では判定できない。
player_02_gou,special_startup,4,合格,合格,合格,合格,未確認,未確認,[],未確認,未確認,全フレームの描画取得済み。隠れた関節や回転姿勢の身体寸法は画像外接矩形では判定できない。
player_02_gou,stand_up,6,合格,合格,合格,合格,未確認,未確認,[],未確認,未確認,全フレームの描画取得済み。隠れた関節や回転姿勢の身体寸法は画像外接矩形では判定できない。
player_02_gou,standup,6,合格,合格,合格,合格,未確認,未確認,[],未確認,未確認,全フレームの描画取得済み。隠れた関節や回転姿勢の身体寸法は画像外接矩形では判定できない。
player_02_gou,throw,8,合格,合格,合格,合格,未確認,未確認,[],未確認,未確認,全フレームの描画取得済み。隠れた関節や回転姿勢の身体寸法は画像外接矩形では判定できない。
player_02_gou,throw_hold,2,合格,合格,合格,合格,未確認,未確認,[],未確認,未確認,全フレームの描画取得済み。隠れた関節や回転姿勢の身体寸法は画像外接矩形では判定できない。
player_02_gou,throw_release,6,合格,合格,合格,合格,未確認,未確認,[],未確認,未確認,全フレームの描画取得済み。隠れた関節や回転姿勢の身体寸法は画像外接矩形では判定できない。
player_02_gou,throw_start,4,合格,合格,合格,合格,未確認,未確認,[],未確認,未確認,全フレームの描画取得済み。隠れた関節や回転姿勢の身体寸法は画像外接矩形では判定できない。
player_02_gou,throw_victim_back_air,4,合格,合格,合格,合格,未確認,未確認,[],未確認,未確認,全フレームの描画取得済み。隠れた関節や回転姿勢の身体寸法は画像外接矩形では判定できない。
player_02_gou,throw_victim_down_air,4,合格,合格,合格,合格,未確認,未確認,[],未確認,未確認,全フレームの描画取得済み。隠れた関節や回転姿勢の身体寸法は画像外接矩形では判定できない。
player_02_gou,throw_victim_forward_air,4,合格,合格,合格,合格,未確認,未確認,[],未確認,未確認,全フレームの描画取得済み。隠れた関節や回転姿勢の身体寸法は画像外接矩形では判定できない。
player_02_gou,throw_victim_neutral_air,4,合格,合格,合格,合格,未確認,未確認,[],未確認,未確認,全フレームの描画取得済み。隠れた関節や回転姿勢の身体寸法は画像外接矩形では判定できない。
player_02_gou,throw_victim_slam_down,2,合格,合格,合格,合格,未確認,未確認,[],未確認,未確認,全フレームの描画取得済み。隠れた関節や回転姿勢の身体寸法は画像外接矩形では判定できない。
player_02_gou,thrown,4,合格,合格,合格,合格,未確認,未確認,[],未確認,未確認,全フレームの描画取得済み。隠れた関節や回転姿勢の身体寸法は画像外接矩形では判定できない。
player_02_gou,victory,8,合格,合格,合格,合格,未確認,未確認,[],未確認,未確認,全フレームの描画取得済み。隠れた関節や回転姿勢の身体寸法は画像外接矩形では判定できない。
player_02_gou,walk,12,合格,合格,合格,合格,未確認,未確認,[],未確認,未確認,全フレームの描画取得済み。隠れた関節や回転姿勢の身体寸法は画像外接矩形では判定できない。
player_02_gou,walk_backward,12,合格,合格,合格,合格,未確認,未確認,[],未確認,未確認,全フレームの描画取得済み。隠れた関節や回転姿勢の身体寸法は画像外接矩形では判定できない。
player_02_gou,walk_forward,12,合格,合格,合格,合格,未確認,未確認,[],未確認,未確認,全フレームの描画取得済み。隠れた関節や回転姿勢の身体寸法は画像外接矩形では判定できない。
player_02_gou,wall_fall,4,合格,合格,合格,合格,未確認,未確認,[],未確認,未確認,全フレームの描画取得済み。隠れた関節や回転姿勢の身体寸法は画像外接矩形では判定できない。
player_02_gou,wall_hit,4,合格,合格,合格,合格,未確認,未確認,[],未確認,未確認,全フレームの描画取得済み。隠れた関節や回転姿勢の身体寸法は画像外接矩形では判定できない。
player_03_seiya,air_guard,4,合格,合格,合格,合格,未確認,未確認,[],未確認,未確認,全フレームの描画取得済み。隠れた関節や回転姿勢の身体寸法は画像外接矩形では判定できない。
player_03_seiya,air_guard_hit,4,合格,合格,合格,合格,未確認,未確認,[],未確認,未確認,全フレームの描画取得済み。隠れた関節や回転姿勢の身体寸法は画像外接矩形では判定できない。
player_03_seiya,air_hit,4,合格,合格,合格,合格,未確認,未確認,[],未確認,未確認,全フレームの描画取得済み。隠れた関節や回転姿勢の身体寸法は画像外接矩形では判定できない。
player_03_seiya,backstep,10,合格,合格,合格,合格,未確認,未確認,[],未確認,未確認,全フレームの描画取得済み。隠れた関節や回転姿勢の身体寸法は画像外接矩形では判定できない。
player_03_seiya,combo_finisher,12,合格,合格,合格,合格,未確認,未確認,"[0, 1, 2, 3, 4, 5]",未確認,不合格,Idleより頭部が大きく見える。正式Idleを維持し、素材と補正範囲の再検証が必要。
player_03_seiya,cross_muei_air,2,合格,合格,合格,合格,未確認,未確認,[],未確認,未確認,全フレームの描画取得済み。隠れた関節や回転姿勢の身体寸法は画像外接矩形では判定できない。
player_03_seiya,cross_muei_down,2,合格,合格,合格,合格,未確認,未確認,[],未確認,未確認,全フレームの描画取得済み。隠れた関節や回転姿勢の身体寸法は画像外接矩形では判定できない。
player_03_seiya,cross_muei_held,2,合格,合格,合格,合格,未確認,未確認,[],未確認,未確認,全フレームの描画取得済み。隠れた関節や回転姿勢の身体寸法は画像外接矩形では判定できない。
player_03_seiya,cross_react_joint,2,合格,合格,合格,合格,未確認,未確認,[],未確認,未確認,全フレームの描画取得済み。隠れた関節や回転姿勢の身体寸法は画像外接矩形では判定できない。
player_03_seiya,cross_react_joint_down,4,合格,合格,合格,合格,未確認,未確認,[],未確認,未確認,全フレームの描画取得済み。隠れた関節や回転姿勢の身体寸法は画像外接矩形では判定できない。
player_03_seiya,cross_react_pull,2,合格,合格,合格,合格,未確認,未確認,[],未確認,未確認,全フレームの描画取得済み。隠れた関節や回転姿勢の身体寸法は画像外接矩形では判定できない。
player_03_seiya,cross_react_pull_down,6,合格,合格,合格,合格,未確認,未確認,[],未確認,未確認,全フレームの描画取得済み。隠れた関節や回転姿勢の身体寸法は画像外接矩形では判定できない。
player_03_seiya,cross_react_reap,2,合格,合格,合格,合格,未確認,未確認,[],未確認,未確認,全フレームの描画取得済み。隠れた関節や回転姿勢の身体寸法は画像外接矩形では判定できない。
player_03_seiya,cross_react_reap_down,4,合格,合格,合格,合格,未確認,未確認,[],未確認,未確認,全フレームの描画取得済み。隠れた関節や回転姿勢の身体寸法は画像外接矩形では判定できない。
player_03_seiya,cross_react_shoulder,4,合格,合格,合格,合格,未確認,未確認,[],未確認,未確認,全フレームの描画取得済み。隠れた関節や回転姿勢の身体寸法は画像外接矩形では判定できない。
player_03_seiya,cross_react_shoulder_down,6,合格,合格,合格,合格,未確認,未確認,[],未確認,未確認,全フレームの描画取得済み。隠れた関節や回転姿勢の身体寸法は画像外接矩形では判定できない。
player_03_seiya,crouch,6,合格,合格,合格,合格,未確認,未確認,[],未確認,未確認,全フレームの描画取得済み。隠れた関節や回転姿勢の身体寸法は画像外接矩形では判定できない。
player_03_seiya,crouch_guard,4,合格,合格,合格,合格,未確認,未確認,[],未確認,未確認,全フレームの描画取得済み。隠れた関節や回転姿勢の身体寸法は画像外接矩形では判定できない。
player_03_seiya,crouch_guard_hold,2,合格,合格,合格,合格,未確認,未確認,[],未確認,未確認,全フレームの描画取得済み。隠れた関節や回転姿勢の身体寸法は画像外接矩形では判定できない。
player_03_seiya,crouch_guard_release,4,合格,合格,合格,合格,未確認,未確認,[],未確認,未確認,全フレームの描画取得済み。隠れた関節や回転姿勢の身体寸法は画像外接矩形では判定できない。
player_03_seiya,crouch_guard_start,2,合格,合格,合格,合格,未確認,未確認,[],未確認,未確認,全フレームの描画取得済み。隠れた関節や回転姿勢の身体寸法は画像外接矩形では判定できない。
player_03_seiya,crouch_idle,2,合格,合格,合格,合格,未確認,未確認,[],未確認,未確認,全フレームの描画取得済み。隠れた関節や回転姿勢の身体寸法は画像外接矩形では判定できない。
player_03_seiya,crouch_kick,12,合格,合格,合格,合格,未確認,未確認,[],未確認,未確認,全フレームの描画取得済み。隠れた関節や回転姿勢の身体寸法は画像外接矩形では判定できない。
player_03_seiya,crouch_kick_sweep,12,合格,合格,合格,合格,未確認,未確認,[],未確認,未確認,全フレームの描画取得済み。隠れた関節や回転姿勢の身体寸法は画像外接矩形では判定できない。
player_03_seiya,crouch_punch,12,合格,合格,合格,合格,未確認,未確認,"[0, 1, 2, 3, 4, 5]",合格,不合格,Idleより頭部が大きく見える。正式Idleを維持し、素材と補正範囲の再検証が必要。
player_03_seiya,crouch_release,6,合格,合格,合格,合格,未確認,未確認,[],未確認,未確認,全フレームの描画取得済み。隠れた関節や回転姿勢の身体寸法は画像外接矩形では判定できない。
player_03_seiya,crouch_start,6,合格,合格,合格,合格,未確認,未確認,[],未確認,未確認,全フレームの描画取得済み。隠れた関節や回転姿勢の身体寸法は画像外接矩形では判定できない。
player_03_seiya,crouch_sweep_kick,12,合格,合格,合格,合格,未確認,未確認,[],未確認,未確認,全フレームの描画取得済み。隠れた関節や回転姿勢の身体寸法は画像外接矩形では判定できない。
player_03_seiya,crusher_throw_back_air,2,合格,合格,合格,合格,未確認,未確認,[],未確認,未確認,全フレームの描画取得済み。隠れた関節や回転姿勢の身体寸法は画像外接矩形では判定できない。
player_03_seiya,crusher_throw_down_air,2,合格,合格,合格,合格,未確認,未確認,[],未確認,未確認,全フレームの描画取得済み。隠れた関節や回転姿勢の身体寸法は画像外接矩形では判定できない。
player_03_seiya,crusher_throw_forward_air,2,合格,合格,合格,合格,未確認,未確認,[],未確認,未確認,全フレームの描画取得済み。隠れた関節や回転姿勢の身体寸法は画像外接矩形では判定できない。
player_03_seiya,crusher_throw_held,2,合格,合格,合格,合格,未確認,未確認,[],未確認,未確認,全フレームの描画取得済み。隠れた関節や回転姿勢の身体寸法は画像外接矩形では判定できない。
player_03_seiya,crusher_throw_neutral_air,2,合格,合格,合格,合格,未確認,未確認,[],未確認,未確認,全フレームの描画取得済み。隠れた関節や回転姿勢の身体寸法は画像外接矩形では判定できない。
player_03_seiya,crusher_throw_slam_down,2,合格,合格,合格,合格,未確認,未確認,[],未確認,未確認,全フレームの描画取得済み。隠れた関節や回転姿勢の身体寸法は画像外接矩形では判定できない。
player_03_seiya,damage,6,合格,合格,合格,合格,未確認,未確認,[],未確認,未確認,全フレームの描画取得済み。隠れた関節や回転姿勢の身体寸法は画像外接矩形では判定できない。
player_03_seiya,damage_heavy,6,合格,合格,合格,合格,未確認,未確認,[],未確認,未確認,全フレームの描画取得済み。隠れた関節や回転姿勢の身体寸法は画像外接矩形では判定できない。
player_03_seiya,damage_high,6,合格,合格,合格,合格,未確認,未確認,[],未確認,未確認,全フレームの描画取得済み。隠れた関節や回転姿勢の身体寸法は画像外接矩形では判定できない。
player_03_seiya,damage_light,6,合格,合格,合格,合格,未確認,未確認,[],未確認,未確認,全フレームの描画取得済み。隠れた関節や回転姿勢の身体寸法は画像外接矩形では判定できない。
player_03_seiya,damage_low,6,合格,合格,合格,合格,未確認,未確認,[],未確認,未確認,全フレームの描画取得済み。隠れた関節や回転姿勢の身体寸法は画像外接矩形では判定できない。
player_03_seiya,dash,12,合格,合格,合格,合格,未確認,未確認,[],未確認,未確認,全フレームの描画取得済み。隠れた関節や回転姿勢の身体寸法は画像外接矩形では判定できない。
player_03_seiya,defeat,6,合格,合格,合格,合格,未確認,未確認,[],未確認,未確認,全フレームの描画取得済み。隠れた関節や回転姿勢の身体寸法は画像外接矩形では判定できない。
player_03_seiya,directional_throw_held,2,合格,合格,合格,合格,未確認,未確認,[],未確認,未確認,全フレームの描画取得済み。隠れた関節や回転姿勢の身体寸法は画像外接矩形では判定できない。
player_03_seiya,directional_throw_hold,2,合格,合格,合格,合格,未確認,未確認,[],未確認,未確認,全フレームの描画取得済み。隠れた関節や回転姿勢の身体寸法は画像外接矩形では判定できない。
player_03_seiya,down,2,合格,合格,合格,合格,未確認,未確認,[],未確認,未確認,全フレームの描画取得済み。隠れた関節や回転姿勢の身体寸法は画像外接矩形では判定できない。
player_03_seiya,fall,2,合格,合格,合格,合格,未確認,未確認,[],未確認,未確認,全フレームの描画取得済み。隠れた関節や回転姿勢の身体寸法は画像外接矩形では判定できない。
player_03_seiya,get_up,6,合格,合格,合格,合格,未確認,未確認,[],未確認,未確認,全フレームの描画取得済み。隠れた関節や回転姿勢の身体寸法は画像外接矩形では判定できない。
player_03_seiya,getup,6,合格,合格,合格,合格,未確認,未確認,[],未確認,未確認,全フレームの描画取得済み。隠れた関節や回転姿勢の身体寸法は画像外接矩形では判定できない。
player_03_seiya,grabbed,2,合格,合格,合格,合格,未確認,未確認,[],未確認,未確認,全フレームの描画取得済み。隠れた関節や回転姿勢の身体寸法は画像外接矩形では判定できない。
player_03_seiya,grapple_air,2,合格,合格,合格,合格,未確認,未確認,[],未確認,未確認,全フレームの描画取得済み。隠れた関節や回転姿勢の身体寸法は画像外接矩形では判定できない。
player_03_seiya,grapple_down,2,合格,合格,合格,合格,未確認,未確認,[],未確認,未確認,全フレームの描画取得済み。隠れた関節や回転姿勢の身体寸法は画像外接矩形では判定できない。
player_03_seiya,grapple_held,2,合格,合格,合格,合格,未確認,未確認,[],未確認,未確認,全フレームの描画取得済み。隠れた関節や回転姿勢の身体寸法は画像外接矩形では判定できない。
player_03_seiya,ground_bounce,4,合格,合格,合格,合格,未確認,未確認,[],未確認,未確認,全フレームの描画取得済み。隠れた関節や回転姿勢の身体寸法は画像外接矩形では判定できない。
player_03_seiya,ground_impact,2,合格,合格,合格,合格,未確認,未確認,[],未確認,未確認,全フレームの描画取得済み。隠れた関節や回転姿勢の身体寸法は画像外接矩形では判定できない。
player_03_seiya,guard,4,合格,合格,合格,合格,未確認,未確認,[],未確認,未確認,全フレームの描画取得済み。隠れた関節や回転姿勢の身体寸法は画像外接矩形では判定できない。
player_03_seiya,guard_hit,4,合格,合格,合格,合格,未確認,未確認,[],未確認,未確認,全フレームの描画取得済み。隠れた関節や回転姿勢の身体寸法は画像外接矩形では判定できない。
player_03_seiya,guard_hold,2,合格,合格,合格,合格,未確認,未確認,[],未確認,未確認,全フレームの描画取得済み。隠れた関節や回転姿勢の身体寸法は画像外接矩形では判定できない。
player_03_seiya,guard_release,4,合格,合格,合格,合格,未確認,未確認,[],未確認,未確認,全フレームの描画取得済み。隠れた関節や回転姿勢の身体寸法は画像外接矩形では判定できない。
player_03_seiya,guard_start,4,合格,合格,合格,合格,未確認,未確認,[],未確認,未確認,全フレームの描画取得済み。隠れた関節や回転姿勢の身体寸法は画像外接矩形では判定できない。
player_03_seiya,heavy_attack,12,合格,合格,合格,合格,未確認,未確認,"[0, 1, 2, 3, 4, 5]",未確認,不合格,Idleより頭部が大きく見える。正式Idleを維持し、素材と補正範囲の再検証が必要。
player_03_seiya,hit_high,6,合格,合格,合格,合格,未確認,未確認,[],未確認,未確認,全フレームの描画取得済み。隠れた関節や回転姿勢の身体寸法は画像外接矩形では判定できない。
player_03_seiya,hit_low,6,合格,合格,合格,合格,未確認,未確認,[],未確認,未確認,全フレームの描画取得済み。隠れた関節や回転姿勢の身体寸法は画像外接矩形では判定できない。
player_03_seiya,idle,12,合格,合格,合格,合格,未確認,未確認,[],未確認,未確認,全フレームの描画取得済み。隠れた関節や回転姿勢の身体寸法は画像外接矩形では判定できない。
player_03_seiya,idle_prebattle,8,合格,合格,合格,合格,未確認,未確認,[],未確認,未確認,全フレームの描画取得済み。隠れた関節や回転姿勢の身体寸法は画像外接矩形では判定できない。
player_03_seiya,idle_ready,12,合格,合格,合格,合格,未確認,未確認,[],未確認,未確認,全フレームの描画取得済み。隠れた関節や回転姿勢の身体寸法は画像外接矩形では判定できない。
player_03_seiya,jump,10,合格,合格,合格,合格,未確認,未確認,[],未確認,未確認,全フレームの描画取得済み。隠れた関節や回転姿勢の身体寸法は画像外接矩形では判定できない。
player_03_seiya,jump_air,2,合格,合格,合格,合格,未確認,未確認,[],未確認,未確認,全フレームの描画取得済み。隠れた関節や回転姿勢の身体寸法は画像外接矩形では判定できない。
player_03_seiya,jump_ascent,2,合格,合格,合格,合格,未確認,未確認,[],未確認,未確認,全フレームの描画取得済み。隠れた関節や回転姿勢の身体寸法は画像外接矩形では判定できない。
player_03_seiya,jump_attack,10,合格,合格,合格,合格,未確認,未確認,[],未確認,未確認,全フレームの描画取得済み。隠れた関節や回転姿勢の身体寸法は画像外接矩形では判定できない。
player_03_seiya,jump_fall,2,合格,合格,合格,合格,未確認,未確認,[],未確認,未確認,全フレームの描画取得済み。隠れた関節や回転姿勢の身体寸法は画像外接矩形では判定できない。
player_03_seiya,jump_kick,10,合格,合格,合格,合格,未確認,未確認,[],未確認,未確認,全フレームの描画取得済み。隠れた関節や回転姿勢の身体寸法は画像外接矩形では判定できない。
player_03_seiya,jump_land,4,合格,合格,合格,合格,未確認,未確認,[],未確認,未確認,全フレームの描画取得済み。隠れた関節や回転姿勢の身体寸法は画像外接矩形では判定できない。
player_03_seiya,jump_punch,10,合格,合格,合格,合格,未確認,未確認,[],未確認,未確認,全フレームの描画取得済み。隠れた関節や回転姿勢の身体寸法は画像外接矩形では判定できない。
player_03_seiya,jump_punch_down,10,合格,合格,合格,合格,未確認,未確認,[],未確認,未確認,全フレームの描画取得済み。隠れた関節や回転姿勢の身体寸法は画像外接矩形では判定できない。
player_03_seiya,jump_start,2,合格,合格,合格,合格,未確認,未確認,[],未確認,未確認,全フレームの描画取得済み。隠れた関節や回転姿勢の身体寸法は画像外接矩形では判定できない。
player_03_seiya,jump_up,2,合格,合格,合格,合格,未確認,未確認,[],未確認,未確認,全フレームの描画取得済み。隠れた関節や回転姿勢の身体寸法は画像外接矩形では判定できない。
player_03_seiya,kick,12,合格,合格,合格,合格,未確認,未確認,"[0, 1, 2, 3, 4, 5]",未確認,不合格,Idleより頭部が大きく見える。正式Idleを維持し、素材と補正範囲の再検証が必要。
player_03_seiya,kick_1,12,合格,合格,合格,合格,未確認,未確認,"[0, 1, 2, 3, 4, 5]",未確認,不合格,Idleより頭部が大きく見える。正式Idleを維持し、素材と補正範囲の再検証が必要。
player_03_seiya,kick_2,12,合格,合格,合格,合格,未確認,未確認,"[0, 1, 2, 3, 4, 5]",未確認,不合格,Idleより頭部が大きく見える。正式Idleを維持し、素材と補正範囲の再検証が必要。
player_03_seiya,knockback,4,合格,合格,合格,合格,未確認,未確認,[],未確認,未確認,全フレームの描画取得済み。隠れた関節や回転姿勢の身体寸法は画像外接矩形では判定できない。
player_03_seiya,knockdown,2,合格,合格,合格,合格,未確認,未確認,[],未確認,未確認,全フレームの描画取得済み。隠れた関節や回転姿勢の身体寸法は画像外接矩形では判定できない。
player_03_seiya,knockdown_high,2,合格,合格,合格,合格,未確認,未確認,[],未確認,未確認,全フレームの描画取得済み。隠れた関節や回転姿勢の身体寸法は画像外接矩形では判定できない。
player_03_seiya,knockdown_low,2,合格,合格,合格,合格,未確認,未確認,[],未確認,未確認,全フレームの描画取得済み。隠れた関節や回転姿勢の身体寸法は画像外接矩形では判定できない。
player_03_seiya,ko,6,合格,合格,合格,合格,未確認,未確認,[],未確認,未確認,全フレームの描画取得済み。隠れた関節や回転姿勢の身体寸法は画像外接矩形では判定できない。
player_03_seiya,land,4,合格,合格,合格,合格,未確認,未確認,[],未確認,未確認,全フレームの描画取得済み。隠れた関節や回転姿勢の身体寸法は画像外接矩形では判定できない。
player_03_seiya,landing,4,合格,合格,合格,合格,未確認,未確認,[],未確認,未確認,全フレームの描画取得済み。隠れた関節や回転姿勢の身体寸法は画像外接矩形では判定できない。
player_03_seiya,launch_hit,4,合格,合格,合格,合格,未確認,未確認,[],未確認,未確認,全フレームの描画取得済み。隠れた関節や回転姿勢の身体寸法は画像外接矩形では判定できない。
player_03_seiya,light_attack,12,合格,合格,合格,合格,未確認,未確認,"[0, 1, 2, 3, 4, 5]",未確認,不合格,Idleより頭部が大きく見える。正式Idleを維持し、素材と補正範囲の再検証が必要。
player_03_seiya,punch,12,合格,合格,合格,合格,未確認,未確認,"[0, 1, 2, 3, 4, 5]",未確認,不合格,Idleより頭部が大きく見える。正式Idleを維持し、素材と補正範囲の再検証が必要。
player_03_seiya,punch_1,12,合格,合格,合格,合格,未確認,未確認,"[0, 1, 2, 3, 4, 5]",未確認,不合格,Idleより頭部が大きく見える。正式Idleを維持し、素材と補正範囲の再検証が必要。
player_03_seiya,punch_2,12,合格,合格,合格,合格,未確認,未確認,[],未確認,未確認,全フレームの描画取得済み。隠れた関節や回転姿勢の身体寸法は画像外接矩形では判定できない。
player_03_seiya,punch_3,12,合格,合格,合格,合格,未確認,未確認,[],未確認,未確認,全フレームの描画取得済み。隠れた関節や回転姿勢の身体寸法は画像外接矩形では判定できない。
player_03_seiya,received_cross_muei_guard,4,合格,合格,合格,合格,未確認,未確認,[],未確認,未確認,全フレームの描画取得済み。隠れた関節や回転姿勢の身体寸法は画像外接矩形では判定できない。
player_03_seiya,received_crusher_hammer_air,4,合格,合格,合格,合格,未確認,未確認,[],未確認,未確認,全フレームの描画取得済み。隠れた関節や回転姿勢の身体寸法は画像外接矩形では判定できない。
player_03_seiya,received_crusher_hammer_down,4,合格,合格,合格,合格,未確認,未確認,[],未確認,未確認,全フレームの描画取得済み。隠れた関節や回転姿勢の身体寸法は画像外接矩形では判定できない。
player_03_seiya,received_crusher_hammer_guard,6,合格,合格,合格,合格,未確認,未確認,[],未確認,未確認,全フレームの描画取得済み。隠れた関節や回転姿勢の身体寸法は画像外接矩形では判定できない。
player_03_seiya,received_crusher_hammer_hit,2,合格,合格,合格,合格,未確認,未確認,[],未確認,未確認,全フレームの描画取得済み。隠れた関節や回転姿勢の身体寸法は画像外接矩形では判定できない。
player_03_seiya,received_rei_uppercut_air,4,合格,合格,合格,合格,未確認,未確認,[],未確認,未確認,全フレームの描画取得済み。隠れた関節や回転姿勢の身体寸法は画像外接矩形では判定できない。
player_03_seiya,received_rei_uppercut_down,2,合格,合格,合格,合格,未確認,未確認,[],未確認,未確認,全フレームの描画取得済み。隠れた関節や回転姿勢の身体寸法は画像外接矩形では判定できない。
player_03_seiya,received_rei_uppercut_guard,4,合格,合格,合格,合格,未確認,未確認,[],未確認,未確認,全フレームの描画取得済み。隠れた関節や回転姿勢の身体寸法は画像外接矩形では判定できない。
player_03_seiya,received_rei_uppercut_hit,2,合格,合格,合格,合格,未確認,未確認,[],未確認,未確認,全フレームの描画取得済み。隠れた関節や回転姿勢の身体寸法は画像外接矩形では判定できない。
player_03_seiya,received_seiya_two_down,4,合格,合格,合格,合格,未確認,未確認,[],未確認,未確認,全フレームの描画取得済み。隠れた関節や回転姿勢の身体寸法は画像外接矩形では判定できない。
player_03_seiya,received_seiya_two_fall,4,合格,合格,合格,合格,未確認,未確認,[],未確認,未確認,全フレームの描画取得済み。隠れた関節や回転姿勢の身体寸法は画像外接矩形では判定できない。
player_03_seiya,received_seiya_two_fly,4,合格,合格,合格,合格,未確認,未確認,[],未確認,未確認,全フレームの描画取得済み。隠れた関節や回転姿勢の身体寸法は画像外接矩形では判定できない。
player_03_seiya,received_seiya_two_lift,4,合格,合格,合格,合格,未確認,未確認,[],未確認,未確認,全フレームの描画取得済み。隠れた関節や回転姿勢の身体寸法は画像外接矩形では判定できない。
player_03_seiya,received_shadow_counter_air,2,合格,合格,合格,合格,未確認,未確認,[],未確認,未確認,全フレームの描画取得済み。隠れた関節や回転姿勢の身体寸法は画像外接矩形では判定できない。
player_03_seiya,received_shadow_counter_down,2,合格,合格,合格,合格,未確認,未確認,[],未確認,未確認,全フレームの描画取得済み。隠れた関節や回転姿勢の身体寸法は画像外接矩形では判定できない。
player_03_seiya,received_shadow_counter_hit,2,合格,合格,合格,合格,未確認,未確認,[],未確認,未確認,全フレームの描画取得済み。隠れた関節や回転姿勢の身体寸法は画像外接矩形では判定できない。
player_03_seiya,received_teki_palm_air,4,合格,合格,合格,合格,未確認,未確認,[],未確認,未確認,全フレームの描画取得済み。隠れた関節や回転姿勢の身体寸法は画像外接矩形では判定できない。
player_03_seiya,received_teki_palm_down,2,合格,合格,合格,合格,未確認,未確認,[],未確認,未確認,全フレームの描画取得済み。隠れた関節や回転姿勢の身体寸法は画像外接矩形では判定できない。
player_03_seiya,received_teki_palm_guard,4,合格,合格,合格,合格,未確認,未確認,[],未確認,未確認,全フレームの描画取得済み。隠れた関節や回転姿勢の身体寸法は画像外接矩形では判定できない。
player_03_seiya,received_teki_palm_hit,2,合格,合格,合格,合格,未確認,未確認,[],未確認,未確認,全フレームの描画取得済み。隠れた関節や回転姿勢の身体寸法は画像外接矩形では判定できない。
player_03_seiya,seiya_air_kick,10,合格,合格,合格,合格,未確認,未確認,[],未確認,未確認,全フレームの描画取得済み。隠れた関節や回転姿勢の身体寸法は画像外接矩形では判定できない。
player_03_seiya,seiya_air_punch,10,合格,合格,合格,合格,未確認,未確認,[],未確認,未確認,全フレームの描画取得済み。隠れた関節や回転姿勢の身体寸法は画像外接矩形では判定できない。
player_03_seiya,seiya_back_kick,10,合格,合格,合格,合格,未確認,未確認,[],未確認,未確認,全フレームの描画取得済み。隠れた関節や回転姿勢の身体寸法は画像外接矩形では判定できない。
player_03_seiya,seiya_back_punch,10,合格,合格,合格,合格,未確認,未確認,[],未確認,未確認,全フレームの描画取得済み。隠れた関節や回転姿勢の身体寸法は画像外接矩形では判定できない。
player_03_seiya,seiya_dive_kick,6,合格,合格,合格,合格,未確認,未確認,[],未確認,未確認,全フレームの描画取得済み。隠れた関節や回転姿勢の身体寸法は画像外接矩形では判定できない。
player_03_seiya,seiya_dive_land,6,合格,合格,合格,合格,未確認,未確認,[],未確認,未確認,全フレームの描画取得済み。隠れた関節や回転姿勢の身体寸法は画像外接矩形では判定できない。
player_03_seiya,seiya_down_punch,10,合格,合格,合格,合格,未確認,未確認,[],未確認,未確認,全フレームの描画取得済み。隠れた関節や回転姿勢の身体寸法は画像外接矩形では判定できない。
player_03_seiya,seiya_forward_kick,10,合格,合格,合格,合格,未確認,未確認,[],未確認,未確認,全フレームの描画取得済み。隠れた関節や回転姿勢の身体寸法は画像外接矩形では判定できない。
player_03_seiya,seiya_forward_punch,10,合格,合格,合格,合格,未確認,未確認,[],未確認,未確認,全フレームの描画取得済み。隠れた関節や回転姿勢の身体寸法は画像外接矩形では判定できない。
player_03_seiya,seiya_somersault_kick,6,合格,合格,合格,合格,未確認,未確認,[],未確認,未確認,全フレームの描画取得済み。隠れた関節や回転姿勢の身体寸法は画像外接矩形では判定できない。
player_03_seiya,seiya_somersault_landing,2,合格,合格,合格,合格,未確認,未確認,[],未確認,未確認,全フレームの描画取得済み。隠れた関節や回転姿勢の身体寸法は画像外接矩形では判定できない。
player_03_seiya,seiya_somersault_startup,2,合格,合格,合格,合格,未確認,未確認,[],未確認,未確認,全フレームの描画取得済み。隠れた関節や回転姿勢の身体寸法は画像外接矩形では判定できない。
player_03_seiya,seiya_throw_back_release,6,合格,合格,合格,合格,未確認,未確認,[],未確認,未確認,全フレームの描画取得済み。隠れた関節や回転姿勢の身体寸法は画像外接矩形では判定できない。
player_03_seiya,seiya_throw_down_release,6,合格,合格,合格,合格,未確認,未確認,[],未確認,未確認,全フレームの描画取得済み。隠れた関節や回転姿勢の身体寸法は画像外接矩形では判定できない。
player_03_seiya,seiya_throw_forward_release,6,合格,合格,合格,合格,未確認,未確認,[],未確認,未確認,全フレームの描画取得済み。隠れた関節や回転姿勢の身体寸法は画像外接矩形では判定できない。
player_03_seiya,seiya_throw_neutral_release,6,合格,合格,合格,合格,未確認,未確認,[],未確認,未確認,全フレームの描画取得済み。隠れた関節や回転姿勢の身体寸法は画像外接矩形では判定できない。
player_03_seiya,seiya_throw_whiff,6,合格,合格,合格,合格,未確認,未確認,[],未確認,未確認,全フレームの描画取得済み。隠れた関節や回転姿勢の身体寸法は画像外接矩形では判定できない。
player_03_seiya,seiya_two_finish,2,合格,合格,合格,合格,未確認,未確認,[],未確認,未確認,全フレームの描画取得済み。隠れた関節や回転姿勢の身体寸法は画像外接矩形では判定できない。
player_03_seiya,seiya_two_sidekick,8,合格,合格,合格,合格,未確認,未確認,[],未確認,未確認,全フレームの描画取得済み。隠れた関節や回転姿勢の身体寸法は画像外接矩形では判定できない。
player_03_seiya,seiya_two_somersault,6,合格,合格,合格,合格,未確認,未確認,[],未確認,未確認,全フレームの描画取得済み。隠れた関節や回転姿勢の身体寸法は画像外接矩形では判定できない。
player_03_seiya,seiya_two_start,2,合格,合格,合格,合格,未確認,未確認,[],未確認,未確認,全フレームの描画取得済み。隠れた関節や回転姿勢の身体寸法は画像外接矩形では判定できない。
player_03_seiya,special,2,合格,合格,合格,合格,未確認,未確認,[0],未確認,不合格,Idleより頭部が大きく見える。正式Idleを維持し、素材と補正範囲の再検証が必要。
player_03_seiya,special_attack,2,合格,合格,合格,合格,未確認,未確認,[0],未確認,不合格,Idleより頭部が大きく見える。正式Idleを維持し、素材と補正範囲の再検証が必要。
player_03_seiya,special_clear_counter,2,合格,合格,合格,合格,未確認,未確認,[0],未確認,不合格,Idleより頭部が大きく見える。正式Idleを維持し、素材と補正範囲の再検証が必要。
player_03_seiya,special_guard,6,合格,合格,合格,合格,未確認,未確認,[],未確認,未確認,全フレームの描画取得済み。隠れた関節や回転姿勢の身体寸法は画像外接矩形では判定できない。
player_03_seiya,special_recovery,6,合格,合格,合格,合格,未確認,未確認,[],未確認,未確認,全フレームの描画取得済み。隠れた関節や回転姿勢の身体寸法は画像外接矩形では判定できない。
player_03_seiya,special_startup,6,合格,合格,合格,合格,未確認,未確認,[],未確認,未確認,全フレームの描画取得済み。隠れた関節や回転姿勢の身体寸法は画像外接矩形では判定できない。
player_03_seiya,stand_up,6,合格,合格,合格,合格,未確認,未確認,[],未確認,未確認,全フレームの描画取得済み。隠れた関節や回転姿勢の身体寸法は画像外接矩形では判定できない。
player_03_seiya,standup,6,合格,合格,合格,合格,未確認,未確認,[],未確認,未確認,全フレームの描画取得済み。隠れた関節や回転姿勢の身体寸法は画像外接矩形では判定できない。
player_03_seiya,throw,12,合格,合格,合格,合格,未確認,未確認,[],未確認,未確認,全フレームの描画取得済み。隠れた関節や回転姿勢の身体寸法は画像外接矩形では判定できない。
player_03_seiya,throw_hold,2,合格,合格,合格,合格,未確認,未確認,[],未確認,未確認,全フレームの描画取得済み。隠れた関節や回転姿勢の身体寸法は画像外接矩形では判定できない。
player_03_seiya,throw_release,6,合格,合格,合格,合格,未確認,未確認,[],未確認,未確認,全フレームの描画取得済み。隠れた関節や回転姿勢の身体寸法は画像外接矩形では判定できない。
player_03_seiya,throw_start,4,合格,合格,合格,合格,未確認,未確認,[],未確認,未確認,全フレームの描画取得済み。隠れた関節や回転姿勢の身体寸法は画像外接矩形では判定できない。
player_03_seiya,throw_victim_back_air,4,合格,合格,合格,合格,未確認,未確認,[],未確認,未確認,全フレームの描画取得済み。隠れた関節や回転姿勢の身体寸法は画像外接矩形では判定できない。
player_03_seiya,throw_victim_down_air,4,合格,合格,合格,合格,未確認,未確認,[],未確認,未確認,全フレームの描画取得済み。隠れた関節や回転姿勢の身体寸法は画像外接矩形では判定できない。
player_03_seiya,throw_victim_forward_air,4,合格,合格,合格,合格,未確認,未確認,[],未確認,未確認,全フレームの描画取得済み。隠れた関節や回転姿勢の身体寸法は画像外接矩形では判定できない。
player_03_seiya,throw_victim_neutral_air,4,合格,合格,合格,合格,未確認,未確認,[],未確認,未確認,全フレームの描画取得済み。隠れた関節や回転姿勢の身体寸法は画像外接矩形では判定できない。
player_03_seiya,throw_victim_slam_down,2,合格,合格,合格,合格,未確認,未確認,[],未確認,未確認,全フレームの描画取得済み。隠れた関節や回転姿勢の身体寸法は画像外接矩形では判定できない。
player_03_seiya,thrown,4,合格,合格,合格,合格,未確認,未確認,[],未確認,未確認,全フレームの描画取得済み。隠れた関節や回転姿勢の身体寸法は画像外接矩形では判定できない。
player_03_seiya,victory,8,合格,合格,合格,合格,未確認,未確認,[],未確認,未確認,全フレームの描画取得済み。隠れた関節や回転姿勢の身体寸法は画像外接矩形では判定できない。
player_03_seiya,walk,12,合格,合格,合格,合格,未確認,未確認,[],未確認,未確認,全フレームの描画取得済み。隠れた関節や回転姿勢の身体寸法は画像外接矩形では判定できない。
player_03_seiya,walk_backward,12,合格,合格,合格,合格,未確認,未確認,[],未確認,未確認,全フレームの描画取得済み。隠れた関節や回転姿勢の身体寸法は画像外接矩形では判定できない。
player_03_seiya,walk_forward,12,合格,合格,合格,合格,未確認,未確認,[],未確認,未確認,全フレームの描画取得済み。隠れた関節や回転姿勢の身体寸法は画像外接矩形では判定できない。
player_03_seiya,wall_fall,4,合格,合格,合格,合格,未確認,未確認,[],未確認,未確認,全フレームの描画取得済み。隠れた関節や回転姿勢の身体寸法は画像外接矩形では判定できない。
player_03_seiya,wall_hit,4,合格,合格,合格,合格,未確認,未確認,[],未確認,未確認,全フレームの描画取得済み。隠れた関節や回転姿勢の身体寸法は画像外接矩形では判定できない。
