actor,motion,directional_frames,constant_scale,display_canvas,source_coordinate_regression,clipping,alpha_mirror,rendered_pose_review,anatomy_2percent,all_transitions_manual_play,notes
player_03_seiya,air_guard,4,合格,合格,合格,合格,合格,合格,未確認,未確認,188 distinct source poses reviewed in all_poses_00..15; visual review is not skeletal measurement.
player_03_seiya,air_guard_hit,4,合格,合格,合格,合格,合格,合格,未確認,未確認,188 distinct source poses reviewed in all_poses_00..15; visual review is not skeletal measurement.
player_03_seiya,air_hit,4,合格,合格,合格,合格,合格,合格,未確認,未確認,188 distinct source poses reviewed in all_poses_00..15; visual review is not skeletal measurement.
player_03_seiya,backstep,10,合格,合格,合格,合格,合格,合格,未確認,未確認,188 distinct source poses reviewed in all_poses_00..15; visual review is not skeletal measurement.
player_03_seiya,combo_finisher,12,合格,合格,合格,合格,合格,合格,未確認,未確認,188 distinct source poses reviewed in all_poses_00..15; visual review is not skeletal measurement.
player_03_seiya,cross_muei_air,2,合格,合格,合格,合格,合格,合格,未確認,未確認,188 distinct source poses reviewed in all_poses_00..15; visual review is not skeletal measurement.
player_03_seiya,cross_muei_down,2,合格,合格,合格,合格,合格,合格,未確認,未確認,188 distinct source poses reviewed in all_poses_00..15; visual review is not skeletal measurement.
player_03_seiya,cross_muei_held,2,合格,合格,合格,合格,合格,合格,未確認,未確認,188 distinct source poses reviewed in all_poses_00..15; visual review is not skeletal measurement.
player_03_seiya,cross_react_joint,2,合格,合格,合格,合格,合格,合格,未確認,未確認,188 distinct source poses reviewed in all_poses_00..15; visual review is not skeletal measurement.
player_03_seiya,cross_react_joint_down,4,合格,合格,合格,合格,合格,合格,未確認,未確認,188 distinct source poses reviewed in all_poses_00..15; visual review is not skeletal measurement.
player_03_seiya,cross_react_pull,2,合格,合格,合格,合格,合格,合格,未確認,未確認,188 distinct source poses reviewed in all_poses_00..15; visual review is not skeletal measurement.
player_03_seiya,cross_react_pull_down,6,合格,合格,合格,合格,合格,合格,未確認,未確認,188 distinct source poses reviewed in all_poses_00..15; visual review is not skeletal measurement.
player_03_seiya,cross_react_reap,2,合格,合格,合格,合格,合格,合格,未確認,未確認,188 distinct source poses reviewed in all_poses_00..15; visual review is not skeletal measurement.
player_03_seiya,cross_react_reap_down,4,合格,合格,合格,合格,合格,合格,未確認,未確認,188 distinct source poses reviewed in all_poses_00..15; visual review is not skeletal measurement.
player_03_seiya,cross_react_shoulder,4,合格,合格,合格,合格,合格,合格,未確認,未確認,188 distinct source poses reviewed in all_poses_00..15; visual review is not skeletal measurement.
player_03_seiya,cross_react_shoulder_down,6,合格,合格,合格,合格,合格,合格,未確認,未確認,188 distinct source poses reviewed in all_poses_00..15; visual review is not skeletal measurement.
player_03_seiya,crouch,6,合格,合格,合格,合格,合格,合格,未確認,未確認,188 distinct source poses reviewed in all_poses_00..15; visual review is not skeletal measurement.
player_03_seiya,crouch_guard,4,合格,合格,合格,合格,合格,合格,未確認,未確認,188 distinct source poses reviewed in all_poses_00..15; visual review is not skeletal measurement.
player_03_seiya,crouch_guard_hold,2,合格,合格,合格,合格,合格,合格,未確認,未確認,188 distinct source poses reviewed in all_poses_00..15; visual review is not skeletal measurement.
player_03_seiya,crouch_guard_release,4,合格,合格,合格,合格,合格,合格,未確認,未確認,188 distinct source poses reviewed in all_poses_00..15; visual review is not skeletal measurement.
player_03_seiya,crouch_guard_start,2,合格,合格,合格,合格,合格,合格,未確認,未確認,188 distinct source poses reviewed in all_poses_00..15; visual review is not skeletal measurement.
player_03_seiya,crouch_idle,2,合格,合格,合格,合格,合格,合格,未確認,未確認,188 distinct source poses reviewed in all_poses_00..15; visual review is not skeletal measurement.
player_03_seiya,crouch_kick,12,合格,合格,合格,合格,合格,合格,未確認,未確認,188 distinct source poses reviewed in all_poses_00..15; visual review is not skeletal measurement.
player_03_seiya,crouch_kick_sweep,12,合格,合格,合格,合格,合格,合格,未確認,未確認,188 distinct source poses reviewed in all_poses_00..15; visual review is not skeletal measurement.
player_03_seiya,crouch_punch,12,合格,合格,合格,合格,合格,合格,未確認,未確認,188 distinct source poses reviewed in all_poses_00..15; visual review is not skeletal measurement.
player_03_seiya,crouch_release,6,合格,合格,合格,合格,合格,合格,未確認,未確認,188 distinct source poses reviewed in all_poses_00..15; visual review is not skeletal measurement.
player_03_seiya,crouch_start,6,合格,合格,合格,合格,合格,合格,未確認,未確認,188 distinct source poses reviewed in all_poses_00..15; visual review is not skeletal measurement.
player_03_seiya,crouch_sweep_kick,12,合格,合格,合格,合格,合格,合格,未確認,未確認,188 distinct source poses reviewed in all_poses_00..15; visual review is not skeletal measurement.
player_03_seiya,crusher_throw_back_air,2,合格,合格,合格,合格,合格,合格,未確認,未確認,188 distinct source poses reviewed in all_poses_00..15; visual review is not skeletal measurement.
player_03_seiya,crusher_throw_down_air,2,合格,合格,合格,合格,合格,合格,未確認,未確認,188 distinct source poses reviewed in all_poses_00..15; visual review is not skeletal measurement.
player_03_seiya,crusher_throw_forward_air,2,合格,合格,合格,合格,合格,合格,未確認,未確認,188 distinct source poses reviewed in all_poses_00..15; visual review is not skeletal measurement.
player_03_seiya,crusher_throw_held,2,合格,合格,合格,合格,合格,合格,未確認,未確認,188 distinct source poses reviewed in all_poses_00..15; visual review is not skeletal measurement.
player_03_seiya,crusher_throw_neutral_air,2,合格,合格,合格,合格,合格,合格,未確認,未確認,188 distinct source poses reviewed in all_poses_00..15; visual review is not skeletal measurement.
player_03_seiya,crusher_throw_slam_down,2,合格,合格,合格,合格,合格,合格,未確認,未確認,188 distinct source poses reviewed in all_poses_00..15; visual review is not skeletal measurement.
player_03_seiya,damage,6,合格,合格,合格,合格,合格,合格,未確認,未確認,188 distinct source poses reviewed in all_poses_00..15; visual review is not skeletal measurement.
player_03_seiya,damage_heavy,6,合格,合格,合格,合格,合格,合格,未確認,未確認,188 distinct source poses reviewed in all_poses_00..15; visual review is not skeletal measurement.
player_03_seiya,damage_high,6,合格,合格,合格,合格,合格,合格,未確認,未確認,188 distinct source poses reviewed in all_poses_00..15; visual review is not skeletal measurement.
player_03_seiya,damage_light,6,合格,合格,合格,合格,合格,合格,未確認,未確認,188 distinct source poses reviewed in all_poses_00..15; visual review is not skeletal measurement.
player_03_seiya,damage_low,6,合格,合格,合格,合格,合格,合格,未確認,未確認,188 distinct source poses reviewed in all_poses_00..15; visual review is not skeletal measurement.
player_03_seiya,dash,12,合格,合格,合格,合格,合格,合格,未確認,未確認,188 distinct source poses reviewed in all_poses_00..15; visual review is not skeletal measurement.
player_03_seiya,defeat,6,合格,合格,合格,合格,合格,合格,未確認,未確認,188 distinct source poses reviewed in all_poses_00..15; visual review is not skeletal measurement.
player_03_seiya,directional_throw_held,2,合格,合格,合格,合格,合格,合格,未確認,未確認,188 distinct source poses reviewed in all_poses_00..15; visual review is not skeletal measurement.
player_03_seiya,directional_throw_hold,2,合格,合格,合格,合格,合格,合格,未確認,未確認,188 distinct source poses reviewed in all_poses_00..15; visual review is not skeletal measurement.
player_03_seiya,down,2,合格,合格,合格,合格,合格,合格,未確認,未確認,188 distinct source poses reviewed in all_poses_00..15; visual review is not skeletal measurement.
player_03_seiya,fall,2,合格,合格,合格,合格,合格,合格,未確認,未確認,188 distinct source poses reviewed in all_poses_00..15; visual review is not skeletal measurement.
player_03_seiya,get_up,6,合格,合格,合格,合格,合格,合格,未確認,未確認,188 distinct source poses reviewed in all_poses_00..15; visual review is not skeletal measurement.
player_03_seiya,getup,6,合格,合格,合格,合格,合格,合格,未確認,未確認,188 distinct source poses reviewed in all_poses_00..15; visual review is not skeletal measurement.
player_03_seiya,grabbed,2,合格,合格,合格,合格,合格,合格,未確認,未確認,188 distinct source poses reviewed in all_poses_00..15; visual review is not skeletal measurement.
player_03_seiya,grapple_air,2,合格,合格,合格,合格,合格,合格,未確認,未確認,188 distinct source poses reviewed in all_poses_00..15; visual review is not skeletal measurement.
player_03_seiya,grapple_down,2,合格,合格,合格,合格,合格,合格,未確認,未確認,188 distinct source poses reviewed in all_poses_00..15; visual review is not skeletal measurement.
player_03_seiya,grapple_held,2,合格,合格,合格,合格,合格,合格,未確認,未確認,188 distinct source poses reviewed in all_poses_00..15; visual review is not skeletal measurement.
player_03_seiya,ground_bounce,4,合格,合格,合格,合格,合格,合格,未確認,未確認,188 distinct source poses reviewed in all_poses_00..15; visual review is not skeletal measurement.
player_03_seiya,ground_impact,2,合格,合格,合格,合格,合格,合格,未確認,未確認,188 distinct source poses reviewed in all_poses_00..15; visual review is not skeletal measurement.
player_03_seiya,guard,4,合格,合格,合格,合格,合格,合格,未確認,未確認,188 distinct source poses reviewed in all_poses_00..15; visual review is not skeletal measurement.
player_03_seiya,guard_hit,4,合格,合格,合格,合格,合格,合格,未確認,未確認,188 distinct source poses reviewed in all_poses_00..15; visual review is not skeletal measurement.
player_03_seiya,guard_hold,2,合格,合格,合格,合格,合格,合格,未確認,未確認,188 distinct source poses reviewed in all_poses_00..15; visual review is not skeletal measurement.
player_03_seiya,guard_release,4,合格,合格,合格,合格,合格,合格,未確認,未確認,188 distinct source poses reviewed in all_poses_00..15; visual review is not skeletal measurement.
player_03_seiya,guard_start,4,合格,合格,合格,合格,合格,合格,未確認,未確認,188 distinct source poses reviewed in all_poses_00..15; visual review is not skeletal measurement.
player_03_seiya,heavy_attack,12,合格,合格,合格,合格,合格,合格,未確認,未確認,188 distinct source poses reviewed in all_poses_00..15; visual review is not skeletal measurement.
player_03_seiya,hit_high,6,合格,合格,合格,合格,合格,合格,未確認,未確認,188 distinct source poses reviewed in all_poses_00..15; visual review is not skeletal measurement.
player_03_seiya,hit_low,6,合格,合格,合格,合格,合格,合格,未確認,未確認,188 distinct source poses reviewed in all_poses_00..15; visual review is not skeletal measurement.
player_03_seiya,idle,12,合格,合格,合格,合格,合格,合格,未確認,未確認,188 distinct source poses reviewed in all_poses_00..15; visual review is not skeletal measurement.
player_03_seiya,idle_prebattle,8,合格,合格,合格,合格,合格,合格,未確認,未確認,188 distinct source poses reviewed in all_poses_00..15; visual review is not skeletal measurement.
player_03_seiya,idle_ready,12,合格,合格,合格,合格,合格,合格,未確認,未確認,188 distinct source poses reviewed in all_poses_00..15; visual review is not skeletal measurement.
player_03_seiya,jump,10,合格,合格,合格,合格,合格,合格,未確認,未確認,188 distinct source poses reviewed in all_poses_00..15; visual review is not skeletal measurement.
player_03_seiya,jump_air,2,合格,合格,合格,合格,合格,合格,未確認,未確認,188 distinct source poses reviewed in all_poses_00..15; visual review is not skeletal measurement.
player_03_seiya,jump_ascent,2,合格,合格,合格,合格,合格,合格,未確認,未確認,188 distinct source poses reviewed in all_poses_00..15; visual review is not skeletal measurement.
player_03_seiya,jump_attack,10,合格,合格,合格,合格,合格,合格,未確認,未確認,188 distinct source poses reviewed in all_poses_00..15; visual review is not skeletal measurement.
player_03_seiya,jump_fall,2,合格,合格,合格,合格,合格,合格,未確認,未確認,188 distinct source poses reviewed in all_poses_00..15; visual review is not skeletal measurement.
player_03_seiya,jump_kick,10,合格,合格,合格,合格,合格,合格,未確認,未確認,188 distinct source poses reviewed in all_poses_00..15; visual review is not skeletal measurement.
player_03_seiya,jump_land,4,合格,合格,合格,合格,合格,合格,未確認,未確認,188 distinct source poses reviewed in all_poses_00..15; visual review is not skeletal measurement.
player_03_seiya,jump_punch,10,合格,合格,合格,合格,合格,合格,未確認,未確認,188 distinct source poses reviewed in all_poses_00..15; visual review is not skeletal measurement.
player_03_seiya,jump_punch_down,10,合格,合格,合格,合格,合格,合格,未確認,未確認,188 distinct source poses reviewed in all_poses_00..15; visual review is not skeletal measurement.
player_03_seiya,jump_start,2,合格,合格,合格,合格,合格,合格,未確認,未確認,188 distinct source poses reviewed in all_poses_00..15; visual review is not skeletal measurement.
player_03_seiya,jump_up,2,合格,合格,合格,合格,合格,合格,未確認,未確認,188 distinct source poses reviewed in all_poses_00..15; visual review is not skeletal measurement.
player_03_seiya,kick,12,合格,合格,合格,合格,合格,合格,未確認,未確認,188 distinct source poses reviewed in all_poses_00..15; visual review is not skeletal measurement.
player_03_seiya,kick_1,12,合格,合格,合格,合格,合格,合格,未確認,未確認,188 distinct source poses reviewed in all_poses_00..15; visual review is not skeletal measurement.
player_03_seiya,kick_2,12,合格,合格,合格,合格,合格,合格,未確認,未確認,188 distinct source poses reviewed in all_poses_00..15; visual review is not skeletal measurement.
player_03_seiya,knockback,4,合格,合格,合格,合格,合格,合格,未確認,未確認,188 distinct source poses reviewed in all_poses_00..15; visual review is not skeletal measurement.
player_03_seiya,knockdown,2,合格,合格,合格,合格,合格,合格,未確認,未確認,188 distinct source poses reviewed in all_poses_00..15; visual review is not skeletal measurement.
player_03_seiya,knockdown_high,2,合格,合格,合格,合格,合格,合格,未確認,未確認,188 distinct source poses reviewed in all_poses_00..15; visual review is not skeletal measurement.
player_03_seiya,knockdown_low,2,合格,合格,合格,合格,合格,合格,未確認,未確認,188 distinct source poses reviewed in all_poses_00..15; visual review is not skeletal measurement.
player_03_seiya,ko,6,合格,合格,合格,合格,合格,合格,未確認,未確認,188 distinct source poses reviewed in all_poses_00..15; visual review is not skeletal measurement.
player_03_seiya,land,4,合格,合格,合格,合格,合格,合格,未確認,未確認,188 distinct source poses reviewed in all_poses_00..15; visual review is not skeletal measurement.
player_03_seiya,landing,4,合格,合格,合格,合格,合格,合格,未確認,未確認,188 distinct source poses reviewed in all_poses_00..15; visual review is not skeletal measurement.
player_03_seiya,launch_hit,4,合格,合格,合格,合格,合格,合格,未確認,未確認,188 distinct source poses reviewed in all_poses_00..15; visual review is not skeletal measurement.
player_03_seiya,light_attack,12,合格,合格,合格,合格,合格,合格,未確認,未確認,188 distinct source poses reviewed in all_poses_00..15; visual review is not skeletal measurement.
player_03_seiya,punch,12,合格,合格,合格,合格,合格,合格,未確認,未確認,188 distinct source poses reviewed in all_poses_00..15; visual review is not skeletal measurement.
player_03_seiya,punch_1,12,合格,合格,合格,合格,合格,合格,未確認,未確認,188 distinct source poses reviewed in all_poses_00..15; visual review is not skeletal measurement.
player_03_seiya,punch_2,12,合格,合格,合格,合格,合格,合格,未確認,未確認,188 distinct source poses reviewed in all_poses_00..15; visual review is not skeletal measurement.
player_03_seiya,punch_3,12,合格,合格,合格,合格,合格,合格,未確認,未確認,188 distinct source poses reviewed in all_poses_00..15; visual review is not skeletal measurement.
player_03_seiya,received_cross_muei_guard,4,合格,合格,合格,合格,合格,合格,未確認,未確認,188 distinct source poses reviewed in all_poses_00..15; visual review is not skeletal measurement.
player_03_seiya,received_crusher_hammer_air,4,合格,合格,合格,合格,合格,合格,未確認,未確認,188 distinct source poses reviewed in all_poses_00..15; visual review is not skeletal measurement.
player_03_seiya,received_crusher_hammer_down,4,合格,合格,合格,合格,合格,合格,未確認,未確認,188 distinct source poses reviewed in all_poses_00..15; visual review is not skeletal measurement.
player_03_seiya,received_crusher_hammer_guard,6,合格,合格,合格,合格,合格,合格,未確認,未確認,188 distinct source poses reviewed in all_poses_00..15; visual review is not skeletal measurement.
player_03_seiya,received_crusher_hammer_hit,2,合格,合格,合格,合格,合格,合格,未確認,未確認,188 distinct source poses reviewed in all_poses_00..15; visual review is not skeletal measurement.
player_03_seiya,received_rei_uppercut_air,4,合格,合格,合格,合格,合格,合格,未確認,未確認,188 distinct source poses reviewed in all_poses_00..15; visual review is not skeletal measurement.
player_03_seiya,received_rei_uppercut_down,2,合格,合格,合格,合格,合格,合格,未確認,未確認,188 distinct source poses reviewed in all_poses_00..15; visual review is not skeletal measurement.
player_03_seiya,received_rei_uppercut_guard,4,合格,合格,合格,合格,合格,合格,未確認,未確認,188 distinct source poses reviewed in all_poses_00..15; visual review is not skeletal measurement.
player_03_seiya,received_rei_uppercut_hit,2,合格,合格,合格,合格,合格,合格,未確認,未確認,188 distinct source poses reviewed in all_poses_00..15; visual review is not skeletal measurement.
player_03_seiya,received_seiya_two_down,4,合格,合格,合格,合格,合格,合格,未確認,未確認,188 distinct source poses reviewed in all_poses_00..15; visual review is not skeletal measurement.
player_03_seiya,received_seiya_two_fall,4,合格,合格,合格,合格,合格,合格,未確認,未確認,188 distinct source poses reviewed in all_poses_00..15; visual review is not skeletal measurement.
player_03_seiya,received_seiya_two_fly,4,合格,合格,合格,合格,合格,合格,未確認,未確認,188 distinct source poses reviewed in all_poses_00..15; visual review is not skeletal measurement.
player_03_seiya,received_seiya_two_lift,4,合格,合格,合格,合格,合格,合格,未確認,未確認,188 distinct source poses reviewed in all_poses_00..15; visual review is not skeletal measurement.
player_03_seiya,received_shadow_counter_air,2,合格,合格,合格,合格,合格,合格,未確認,未確認,188 distinct source poses reviewed in all_poses_00..15; visual review is not skeletal measurement.
player_03_seiya,received_shadow_counter_down,2,合格,合格,合格,合格,合格,合格,未確認,未確認,188 distinct source poses reviewed in all_poses_00..15; visual review is not skeletal measurement.
player_03_seiya,received_shadow_counter_hit,2,合格,合格,合格,合格,合格,合格,未確認,未確認,188 distinct source poses reviewed in all_poses_00..15; visual review is not skeletal measurement.
player_03_seiya,received_teki_palm_air,4,合格,合格,合格,合格,合格,合格,未確認,未確認,188 distinct source poses reviewed in all_poses_00..15; visual review is not skeletal measurement.
player_03_seiya,received_teki_palm_down,2,合格,合格,合格,合格,合格,合格,未確認,未確認,188 distinct source poses reviewed in all_poses_00..15; visual review is not skeletal measurement.
player_03_seiya,received_teki_palm_guard,4,合格,合格,合格,合格,合格,合格,未確認,未確認,188 distinct source poses reviewed in all_poses_00..15; visual review is not skeletal measurement.
player_03_seiya,received_teki_palm_hit,2,合格,合格,合格,合格,合格,合格,未確認,未確認,188 distinct source poses reviewed in all_poses_00..15; visual review is not skeletal measurement.
player_03_seiya,seiya_air_kick,10,合格,合格,合格,合格,合格,合格,未確認,未確認,188 distinct source poses reviewed in all_poses_00..15; visual review is not skeletal measurement.
player_03_seiya,seiya_air_punch,10,合格,合格,合格,合格,合格,合格,未確認,未確認,188 distinct source poses reviewed in all_poses_00..15; visual review is not skeletal measurement.
player_03_seiya,seiya_back_kick,10,合格,合格,合格,合格,合格,合格,未確認,未確認,188 distinct source poses reviewed in all_poses_00..15; visual review is not skeletal measurement.
player_03_seiya,seiya_back_punch,10,合格,合格,合格,合格,合格,合格,未確認,未確認,188 distinct source poses reviewed in all_poses_00..15; visual review is not skeletal measurement.
player_03_seiya,seiya_dive_kick,6,合格,合格,合格,合格,合格,合格,未確認,未確認,188 distinct source poses reviewed in all_poses_00..15; visual review is not skeletal measurement.
player_03_seiya,seiya_dive_land,6,合格,合格,合格,合格,合格,合格,未確認,未確認,188 distinct source poses reviewed in all_poses_00..15; visual review is not skeletal measurement.
player_03_seiya,seiya_down_punch,10,合格,合格,合格,合格,合格,合格,未確認,未確認,188 distinct source poses reviewed in all_poses_00..15; visual review is not skeletal measurement.
player_03_seiya,seiya_forward_kick,10,合格,合格,合格,合格,合格,合格,未確認,未確認,188 distinct source poses reviewed in all_poses_00..15; visual review is not skeletal measurement.
player_03_seiya,seiya_forward_punch,10,合格,合格,合格,合格,合格,合格,未確認,未確認,188 distinct source poses reviewed in all_poses_00..15; visual review is not skeletal measurement.
player_03_seiya,seiya_somersault_kick,6,合格,合格,合格,合格,合格,合格,未確認,未確認,188 distinct source poses reviewed in all_poses_00..15; visual review is not skeletal measurement.
player_03_seiya,seiya_somersault_landing,2,合格,合格,合格,合格,合格,合格,未確認,未確認,188 distinct source poses reviewed in all_poses_00..15; visual review is not skeletal measurement.
player_03_seiya,seiya_somersault_startup,2,合格,合格,合格,合格,合格,合格,未確認,未確認,188 distinct source poses reviewed in all_poses_00..15; visual review is not skeletal measurement.
player_03_seiya,seiya_throw_back_release,6,合格,合格,合格,合格,合格,合格,未確認,未確認,188 distinct source poses reviewed in all_poses_00..15; visual review is not skeletal measurement.
player_03_seiya,seiya_throw_down_release,6,合格,合格,合格,合格,合格,合格,未確認,未確認,188 distinct source poses reviewed in all_poses_00..15; visual review is not skeletal measurement.
player_03_seiya,seiya_throw_forward_release,6,合格,合格,合格,合格,合格,合格,未確認,未確認,188 distinct source poses reviewed in all_poses_00..15; visual review is not skeletal measurement.
player_03_seiya,seiya_throw_neutral_release,6,合格,合格,合格,合格,合格,合格,未確認,未確認,188 distinct source poses reviewed in all_poses_00..15; visual review is not skeletal measurement.
player_03_seiya,seiya_throw_whiff,6,合格,合格,合格,合格,合格,合格,未確認,未確認,188 distinct source poses reviewed in all_poses_00..15; visual review is not skeletal measurement.
player_03_seiya,seiya_two_finish,2,合格,合格,合格,合格,合格,合格,未確認,未確認,188 distinct source poses reviewed in all_poses_00..15; visual review is not skeletal measurement.
player_03_seiya,seiya_two_sidekick,8,合格,合格,合格,合格,合格,合格,未確認,未確認,188 distinct source poses reviewed in all_poses_00..15; visual review is not skeletal measurement.
player_03_seiya,seiya_two_somersault,6,合格,合格,合格,合格,合格,合格,未確認,未確認,188 distinct source poses reviewed in all_poses_00..15; visual review is not skeletal measurement.
player_03_seiya,seiya_two_start,2,合格,合格,合格,合格,合格,合格,未確認,未確認,188 distinct source poses reviewed in all_poses_00..15; visual review is not skeletal measurement.
player_03_seiya,special,2,合格,合格,合格,合格,合格,合格,未確認,未確認,188 distinct source poses reviewed in all_poses_00..15; visual review is not skeletal measurement.
player_03_seiya,special_attack,2,合格,合格,合格,合格,合格,合格,未確認,未確認,188 distinct source poses reviewed in all_poses_00..15; visual review is not skeletal measurement.
player_03_seiya,special_clear_counter,2,合格,合格,合格,合格,合格,合格,未確認,未確認,188 distinct source poses reviewed in all_poses_00..15; visual review is not skeletal measurement.
player_03_seiya,special_guard,6,合格,合格,合格,合格,合格,合格,未確認,未確認,188 distinct source poses reviewed in all_poses_00..15; visual review is not skeletal measurement.
player_03_seiya,special_recovery,6,合格,合格,合格,合格,合格,合格,未確認,未確認,188 distinct source poses reviewed in all_poses_00..15; visual review is not skeletal measurement.
player_03_seiya,special_startup,6,合格,合格,合格,合格,合格,合格,未確認,未確認,188 distinct source poses reviewed in all_poses_00..15; visual review is not skeletal measurement.
player_03_seiya,stand_up,6,合格,合格,合格,合格,合格,合格,未確認,未確認,188 distinct source poses reviewed in all_poses_00..15; visual review is not skeletal measurement.
player_03_seiya,standup,6,合格,合格,合格,合格,合格,合格,未確認,未確認,188 distinct source poses reviewed in all_poses_00..15; visual review is not skeletal measurement.
player_03_seiya,throw,12,合格,合格,合格,合格,合格,合格,未確認,未確認,188 distinct source poses reviewed in all_poses_00..15; visual review is not skeletal measurement.
player_03_seiya,throw_hold,2,合格,合格,合格,合格,合格,合格,未確認,未確認,188 distinct source poses reviewed in all_poses_00..15; visual review is not skeletal measurement.
player_03_seiya,throw_release,6,合格,合格,合格,合格,合格,合格,未確認,未確認,188 distinct source poses reviewed in all_poses_00..15; visual review is not skeletal measurement.
player_03_seiya,throw_start,4,合格,合格,合格,合格,合格,合格,未確認,未確認,188 distinct source poses reviewed in all_poses_00..15; visual review is not skeletal measurement.
player_03_seiya,throw_victim_back_air,4,合格,合格,合格,合格,合格,合格,未確認,未確認,188 distinct source poses reviewed in all_poses_00..15; visual review is not skeletal measurement.
player_03_seiya,throw_victim_down_air,4,合格,合格,合格,合格,合格,合格,未確認,未確認,188 distinct source poses reviewed in all_poses_00..15; visual review is not skeletal measurement.
player_03_seiya,throw_victim_forward_air,4,合格,合格,合格,合格,合格,合格,未確認,未確認,188 distinct source poses reviewed in all_poses_00..15; visual review is not skeletal measurement.
player_03_seiya,throw_victim_neutral_air,4,合格,合格,合格,合格,合格,合格,未確認,未確認,188 distinct source poses reviewed in all_poses_00..15; visual review is not skeletal measurement.
player_03_seiya,throw_victim_slam_down,2,合格,合格,合格,合格,合格,合格,未確認,未確認,188 distinct source poses reviewed in all_poses_00..15; visual review is not skeletal measurement.
player_03_seiya,thrown,4,合格,合格,合格,合格,合格,合格,未確認,未確認,188 distinct source poses reviewed in all_poses_00..15; visual review is not skeletal measurement.
player_03_seiya,victory,8,合格,合格,合格,合格,合格,合格,未確認,未確認,188 distinct source poses reviewed in all_poses_00..15; visual review is not skeletal measurement.
player_03_seiya,walk,12,合格,合格,合格,合格,合格,合格,未確認,未確認,188 distinct source poses reviewed in all_poses_00..15; visual review is not skeletal measurement.
player_03_seiya,walk_backward,12,合格,合格,合格,合格,合格,合格,未確認,未確認,188 distinct source poses reviewed in all_poses_00..15; visual review is not skeletal measurement.
player_03_seiya,walk_forward,12,合格,合格,合格,合格,合格,合格,未確認,未確認,188 distinct source poses reviewed in all_poses_00..15; visual review is not skeletal measurement.
player_03_seiya,wall_fall,4,合格,合格,合格,合格,合格,合格,未確認,未確認,188 distinct source poses reviewed in all_poses_00..15; visual review is not skeletal measurement.
player_03_seiya,wall_hit,4,合格,合格,合格,合格,合格,合格,未確認,未確認,188 distinct source poses reviewed in all_poses_00..15; visual review is not skeletal measurement.
